movie_id,title,genre,keywords,cast,director,description,industry
1,Avatar,Action Adventure Fantasy,alien planet space survival,Sam Worthington Zoe Saldana Sigourney Weaver,James Cameron,A marine joins an alien world and fights to protect its people.,Hollywood
2,Titanic,Drama Romance,love ship ocean tragedy,Leonardo DiCaprio Kate Winslet Billy Zane,James Cameron,A young couple falls in love aboard a famous ocean liner.,Hollywood
3,The Avengers,Action Adventure Sci-Fi,superhero marvel team alien,Robert Downey Jr Chris Evans Scarlett Johansson,Joss Whedon,Superheroes join forces to protect Earth from a powerful enemy.,Marvel
4,Iron Man,Action Adventure Sci-Fi,superhero technology armor marvel,Robert Downey Jr Gwyneth Paltrow Jeff Bridges,Jon Favreau,A genius inventor creates a powerful armored suit.,Marvel
5,Interstellar,Sci-Fi Drama Adventure,space astronaut planet time,Matthew McConaughey Anne Hathaway Jessica Chastain,Christopher Nolan,Astronauts travel through space searching for a new home for humanity.,Hollywood
6,Inception,Action Sci-Fi Thriller,dream heist mind technology,Leonardo DiCaprio Joseph Gordon Levitt Tom Hardy,Christopher Nolan,A skilled thief enters dreams to steal valuable information.,Hollywood
7,The Dark Knight,Action Crime Drama,batman joker superhero crime,Christian Bale Heath Ledger Gary Oldman,Christopher Nolan,Batman faces a dangerous criminal who creates chaos in Gotham.,Hollywood
8,Spider-Man: Homecoming,Action Adventure Sci-Fi,spider superhero school marvel,Tom Holland Michael Keaton Zendaya,Jon Watts,A young superhero balances school life with fighting criminals.,Marvel
9,Jurassic Park,Adventure Sci-Fi Thriller,dinosaurs island science survival,Sam Neill Laura Dern Jeff Goldblum,Steven Spielberg,Scientists create a dinosaur park that becomes dangerously uncontrollable.,Hollywood
10,The Matrix,Action Sci-Fi Thriller,computer virtual reality hacker,Keanu Reeves Laurence Fishburne Carrie-Anne Moss,The Wachowskis,A computer hacker discovers that reality is a sophisticated simulation.,Hollywood
11,Guardians of the Galaxy,Action Adventure Sci-Fi Comedy,space superhero marvel team,Chris Pratt Zoe Saldana Dave Bautista,James Gunn,A group of unusual heroes protects the galaxy from a powerful threat.,Marvel
12,Doctor Strange,Action Adventure Fantasy,magic superhero marvel multiverse,Benedict Cumberbatch Rachel McAdams Chiwetel Ejiofor,Scott Derrickson,A surgeon learns mystical powers and protects reality from magical threats.,Marvel
13,Black Panther,Action Adventure Sci-Fi,superhero wakanda africa marvel,Chadwick Boseman Michael B Jordan Lupita Nyong'o,Ryan Coogler,A new king protects Wakanda from an ambitious rival.,Marvel
14,Thor,Action Adventure Fantasy,god superhero hammer marvel,Chris Hemsworth Natalie Portman Tom Hiddleston,Kenneth Branagh,A powerful god learns responsibility after being sent to Earth.,Marvel
15,Captain America: The First Avenger,Action Adventure Sci-Fi,superhero soldier war marvel,Chris Evans Hayley Atwell Hugo Weaving,Joe Johnston,A determined soldier becomes a super-powered hero during World War II.,Marvel
16,Avengers: Infinity War,Action Adventure Sci-Fi,superhero infinity stone marvel thanos,Robert Downey Jr Chris Hemsworth Josh Brolin,Anthony Russo Joe Russo,Heroes across the universe unite against a powerful enemy seeking the Infinity Stones.,Marvel
17,Avengers: Endgame,Action Adventure Sci-Fi,superhero time travel marvel thanos,Robert Downey Jr Chris Evans Mark Ruffalo,Anthony Russo Joe Russo,The surviving heroes attempt to reverse a devastating event.,Marvel
18,Captain Marvel,Action Adventure Sci-Fi,superhero space marvel alien,Brie Larson Samuel L Jackson Jude Law,Anna Boden Ryan Fleck,A powerful pilot discovers her identity and protects Earth from an alien conflict.,Hollywood
19,Ant-Man,Action Adventure Sci-Fi Comedy,superhero shrinking technology marvel,Paul Rudd Michael Douglas Evangeline Lilly,Peyton Reed,A thief becomes a tiny superhero using advanced technology.,Marvel
20,Shang-Chi and the Legend of the Ten Rings,Action Adventure Fantasy,martial arts superhero rings marvel,Simu Liu Tony Leung Awkwafina,Destin Daniel Cretton,A martial artist confronts his family history and a powerful organization.,Hollywood
21,Man of Steel,Action Adventure Sci-Fi,superhero krypton alien superman,Henry Cavill Amy Adams Michael Shannon,Zack Snyder,An alien-born hero protects Earth while discovering his origins.,DC
22,Wonder Woman,Action Adventure Fantasy,superhero amazon war mythology,Gal Gadot Chris Pine Robin Wright,Patty Jenkins,An Amazon warrior enters a world war to stop a dangerous enemy.,DC
23,Aquaman,Action Adventure Fantasy,superhero ocean underwater atlantis,Jason Momoa Amber Heard Willem Dafoe,James Wan,A hero must claim his place as ruler of an underwater kingdom.,DC
24,The Batman,Action Crime Drama,batman detective gotham mystery,Robert Pattinson Zoe Kravitz Paul Dano,Matt Reeves,A young Batman investigates a mystery involving a dangerous criminal.,DC
25,The Lord of the Rings: The Fellowship of the Ring,Adventure Fantasy Drama,magic ring middle earth quest,Elijah Wood Ian McKellen Viggo Mortensen,Peter Jackson,A young hobbit begins a dangerous quest to destroy a powerful ring.,Hollywood
26,The Lord of the Rings: The Two Towers,Adventure Fantasy Drama,magic ring war middle earth,Elijah Wood Ian McKellen Viggo Mortensen,Peter Jackson,Heroes defend Middle-earth while the quest to destroy the ring continues.,Hollywood
27,The Lord of the Rings: The Return of the King,Adventure Fantasy Drama,magic ring war middle earth,Elijah Wood Ian McKellen Viggo Mortensen,Peter Jackson,The final battle for Middle-earth begins as the ring approaches its destiny.,Hollywood
28,Harry Potter and the Sorcerer's Stone,Adventure Fantasy Family,magic wizard school friendship,Daniel Radcliffe Emma Watson Rupert Grint,Chris Columbus,A young wizard begins his education at a magical school.,Hollywood
29,Harry Potter and the Chamber of Secrets,Adventure Fantasy Mystery,magic wizard school monster,Daniel Radcliffe Emma Watson Rupert Grint,Chris Columbus,A mysterious threat appears inside a school for young wizards.,Hollywood
30,Harry Potter and the Prisoner of Azkaban,Adventure Fantasy Mystery,magic wizard prison mystery,Daniel Radcliffe Emma Watson Gary Oldman,Alfonso Cuaron,A young wizard learns about a dangerous prisoner connected to his past.,Hollywood
31,Harry Potter and the Goblet of Fire,Adventure Fantasy Mystery,magic wizard tournament dragon,Daniel Radcliffe Emma Watson Robert Pattinson,Mike Newell,A magical tournament places a young wizard in unexpected danger.,Hollywood
32,Harry Potter and the Order of the Phoenix,Adventure Fantasy Drama,magic wizard rebellion school,Daniel Radcliffe Emma Watson Ralph Fiennes,David Yates,Young wizards organize resistance against a growing magical threat.,Hollywood
33,Harry Potter and the Half-Blood Prince,Adventure Fantasy Mystery,magic wizard school dark magic,Daniel Radcliffe Emma Watson Alan Rickman,David Yates,A young wizard discovers clues about a powerful dark enemy.,Hollywood
34,Harry Potter and the Deathly Hallows Part 1,Adventure Fantasy Drama,magic wizard quest horcrux,Daniel Radcliffe Emma Watson Rupert Grint,David Yates,Three young wizards leave school to search for magical objects.,Hollywood
35,Harry Potter and the Deathly Hallows Part 2,Adventure Fantasy Action,magic wizard battle hogwarts,Daniel Radcliffe Emma Watson Rupert Grint,David Yates,The final battle between young wizards and dark forces reaches Hogwarts.,Hollywood
36,Star Wars: A New Hope,Action Adventure Sci-Fi,space jedi rebellion empire,Mark Hamill Harrison Ford Carrie Fisher,George Lucas,A young hero joins a rebellion against a powerful space empire.,Bollywood
37,Star Wars: The Empire Strikes Back,Action Adventure Sci-Fi,space jedi empire rebellion,Mark Hamill Harrison Ford Carrie Fisher,Irvin Kershner,Heroes face major challenges as the space empire strikes back.,Bollywood
38,Star Wars: Return of the Jedi,Action Adventure Sci-Fi,space jedi empire rebellion,Mark Hamill Harrison Ford Carrie Fisher,Richard Marquand,The rebellion attempts to defeat the empire and restore freedom.,Bollywood
39,Rogue One: A Star Wars Story,Action Adventure Sci-Fi,space rebellion mission empire,Felicity Jones Diego Luna Ben Mendelsohn,Gareth Edwards,A group of rebels undertakes a dangerous mission against an empire.,Bollywood
40,Dune,Sci-Fi Adventure Drama,desert space politics prophecy,Timothee Chalamet Zendaya Rebecca Ferguson,Denis Villeneuve,A young noble enters a dangerous desert world filled with political conflict.,Hollywood
41,Dune: Part Two,Sci-Fi Adventure Drama,desert war prophecy space,Timothee Chalamet Zendaya Rebecca Ferguson,Denis Villeneuve,A young leader joins desert warriors and prepares for a major conflict.,Hollywood
42,Blade Runner 2049,Sci-Fi Mystery Thriller,future android detective technology,Ryan Gosling Harrison Ford Ana de Armas,Denis Villeneuve,A futuristic detective discovers a secret that could change society.,Hollywood
43,Arrival,Sci-Fi Drama Mystery,alien language communication space,Amy Adams Jeremy Renner Forest Whitaker,Denis Villeneuve,A linguist works to communicate with mysterious visitors from space.,Hollywood
44,The Martian,Sci-Fi Adventure Drama,mars astronaut survival space,Matt Damon Jessica Chastain Jeff Daniels,Ridley Scott,An astronaut stranded on Mars uses science and determination to survive.,Hollywood
45,Gravity,Sci-Fi Thriller Drama,space astronaut survival,Sandra Bullock George Clooney Ed Harris,Alfonso Cuaron,Astronauts struggle to survive after an accident in orbit.,Hollywood
46,Top Gun: Maverick,Action Drama,fighter pilot aviation military,Tom Cruise Miles Teller Jennifer Connelly,Joseph Kosinski,An experienced pilot trains a new generation for a dangerous mission.,Hollywood
47,Mission: Impossible - Fallout,Action Thriller Spy,spy mission stunt agent,Tom Cruise Henry Cavill Rebecca Ferguson,Christopher McQuarrie,An elite agent races to stop a global threat.,Hollywood
48,Mission: Impossible - Ghost Protocol,Action Thriller Spy,spy mission bomb agent,Tom Cruise Jeremy Renner Simon Pegg,Brad Bird,A spy team works without official support to prevent a nuclear disaster.,Hollywood
49,John Wick,Action Thriller Crime,assassin revenge gunfight,Keanu Reeves Michael Nyqvist Ian McShane,Chad Stahelski,A retired assassin returns to action after a personal loss.,Hollywood
50,John Wick: Chapter 2,Action Thriller Crime,assassin revenge crime,Keanu Reeves Common Laurence Fishburne,Chad Stahelski,An assassin is forced back into the dangerous criminal underworld.,Hollywood
51,John Wick: Chapter 3,Action Thriller Crime,assassin survival chase,Keanu Reeves Halle Berry Ian McShane,Chad Stahelski,A hunted assassin fights to survive against skilled enemies.,Hollywood
52,Mad Max: Fury Road,Action Adventure Sci-Fi,desert survival chase dystopia,Tom Hardy Charlize Theron Nicholas Hoult,George Miller,A group escapes across a dangerous post-apocalyptic desert.,Hollywood
53,The Hunger Games,Action Adventure Sci-Fi Drama,dystopia survival competition rebellion,Jennifer Lawrence Josh Hutcherson Woody Harrelson,Gary Ross,A young woman enters a dangerous televised survival competition.,Hollywood
54,The Maze Runner,Action Sci-Fi Mystery,maze survival teenagers experiment,Dylan O'Brien Kaya Scodelario Thomas Brodie-Sangster,Wes Ball,A teenager wakes inside a mysterious maze with other young survivors.,Hollywood
55,Ready Player One,Action Adventure Sci-Fi,virtual reality gaming future,Tye Sheridan Olivia Cooke Ben Mendelsohn,Steven Spielberg,A teenager enters a huge virtual world to compete for a valuable prize.,Hollywood
56,Free Guy,Action Comedy Sci-Fi,video game virtual world hero,Ryan Reynolds Jodie Comer Taika Waititi,Shawn Levy,A bank employee discovers that he is actually a character in a video game.,Hollywood
57,The Social Network,Drama Biography,facebook technology friendship startup,Jesse Eisenberg Andrew Garfield Justin Timberlake,David Fincher,A college student creates a social network that changes the world.,Hollywood
58,Steve Jobs,Drama Biography,technology apple entrepreneur,Michael Fassbender Kate Winslet Seth Rogen,Danny Boyle,A technology entrepreneur prepares for major product launches.,Hollywood
59,The Imitation Game,Drama Biography Thriller,computer code war mathematics,Benedict Cumberbatch Keira Knightley Matthew Goode,Morten Tyldum,A mathematician helps crack a wartime code using an early computer.,Hollywood
60,Hidden Figures,Drama Biography History,nasa space mathematics equality,Taraji P Henson Octavia Spencer Janelle Monae,Theodore Melfi,Three mathematicians help a space program achieve historic goals.,Hollywood
61,Oppenheimer,Drama Biography History,science atomic bomb war scientist,Cillian Murphy Emily Blunt Robert Downey Jr,Christopher Nolan,A scientist leads a major wartime research project with historic consequences.,Hollywood
62,The Pursuit of Happyness,Drama Biography Family,career father son motivation,Will Smith Jaden Smith Thandiwe Newton,Gabriele Muccino,A struggling father works hard to build a better future for his son.,Hollywood
63,Forrest Gump,Drama Romance Comedy,life friendship history journey,Tom Hanks Robin Wright Gary Sinise,Robert Zemeckis,A kind man experiences major events while following his own path.,Hollywood
64,The Shawshank Redemption,Drama Crime,prison friendship hope,Tim Robbins Morgan Freeman Bob Gunton,Frank Darabont,A prisoner builds friendship and hope while serving a long sentence.,Hollywood
65,The Green Mile,Drama Fantasy Crime,prison supernatural friendship,Tom Hanks Michael Clarke Duncan David Morse,Frank Darabont,A prison guard meets a mysterious prisoner with unusual abilities.,Hollywood
66,Good Will Hunting,Drama Romance,genius friendship mathematics,Matt Damon Robin Williams Ben Affleck,Gus Van Sant,A gifted young man receives guidance while dealing with personal struggles.,Hollywood
67,A Beautiful Mind,Drama Biography Romance,mathematics genius friendship,Russell Crowe Jennifer Connelly Ed Harris,Ron Howard,A brilliant mathematician faces personal challenges while pursuing his work.,Hollywood
68,The Theory of Everything,Drama Biography Romance,science physics love,Eddie Redmayne Felicity Jones Charlie Cox,James Marsh,A physicist and his partner face major personal and professional challenges.,Hollywood
69,La La Land,Comedy Drama Romance,music jazz dreams love,Ryan Gosling Emma Stone John Legend,Damien Chazelle,Two artists pursue their dreams while falling in love in Los Angeles.,Hollywood
70,The Notebook,Drama Romance,love relationship memory,Ryan Gosling Rachel McAdams James Garner,Nick Cassavetes,A lifelong love story is remembered through an old notebook.,Hollywood
71,Crazy Rich Asians,Comedy Drama Romance,wedding family wealth love,Constance Wu Henry Golding Michelle Yeoh,Jon M Chu,A young woman meets her partner's wealthy family in Singapore.,Hollywood
72,The Fault in Our Stars,Drama Romance,teen love illness friendship,Shailene Woodley Ansel Elgort Laura Dern,Josh Boone,Two teenagers meet and form a deep relationship while facing illness.,Hollywood
73,Me Before You,Drama Romance,love disability relationship,Emilia Clarke Sam Claflin Janet McTeer,Thea Sharrock,A young woman becomes a caregiver and develops a close relationship with her employer.,Hollywood
74,Notting Hill,Comedy Romance,love celebrity bookstore london,Hugh Grant Julia Roberts Rhys Ifans,Roger Michell,A bookstore owner falls in love with a famous actress.,Hollywood
75,The Proposal,Comedy Romance,office marriage alaska,Sandra Bullock Ryan Reynolds Betty White,Anne Fletcher,A boss creates a fake engagement with her assistant to solve a work problem.,Hollywood
76,Friends with Benefits,Comedy Romance,relationship friendship dating,Justin Timberlake Mila Kunis Patricia Clarkson,Will Gluck,Two friends try to keep romance separate from their friendship.,Hollywood
77,Superbad,Comedy,school friendship party teenagers,Jonah Hill Michael Cera Christopher Mintz-Plasse,Greg Mottola,High school friends try to attend a memorable party before graduation.,Animation
78,The Hangover,Comedy,las vegas wedding friendship party,Bradley Cooper Ed Helms Zach Galifianakis,Todd Phillips,Friends wake up after a wild night and try to remember what happened.,Hollywood
79,Jumanji: Welcome to the Jungle,Action Adventure Comedy Fantasy,game jungle teenagers survival,Dwayne Johnson Kevin Hart Jack Black,Jake Kasdan,Teenagers become characters inside a dangerous video game.,Hollywood
80,Pirates of the Caribbean: The Curse of the Black Pearl,Action Adventure Fantasy,pirates treasure ocean curse,Johnny Depp Orlando Bloom Keira Knightley,Gore Verbinski,A pirate captain helps rescue a kidnapped woman from cursed pirates.,Hollywood
81,The Mummy,Action Adventure Fantasy,ancient egypt treasure curse,Brendan Fraser Rachel Weisz John Hannah,Stephen Sommers,Adventurers awaken an ancient mummy while searching for treasure.,Hollywood
82,National Treasure,Action Adventure Mystery,treasure history clues secret,Nicolas Cage Diane Kruger Justin Bartha,Jon Turteltaub,A historian searches for a legendary treasure using historical clues.,Hollywood
83,Sherlock Holmes,Action Adventure Mystery,detective london mystery crime,Robert Downey Jr Jude Law Rachel McAdams,Guy Ritchie,A famous detective investigates a dangerous mystery in Victorian London.,Hollywood
84,Knives Out,Comedy Crime Mystery,detective murder mansion family,Daniel Craig Ana de Armas Chris Evans,Rian Johnson,A detective investigates a mysterious death inside a wealthy family.,Hollywood
85,Murder on the Orient Express,Crime Drama Mystery,detective train murder mystery,Kenneth Branagh Penelope Cruz Johnny Depp,Kenneth Branagh,A detective investigates a murder aboard a luxury train.,Hollywood
86,The Conjuring,Horror Mystery Thriller,haunted house ghost family,Vera Farmiga Patrick Wilson Lili Taylor,James Wan,Paranormal investigators help a family facing supernatural activity.,Hollywood
87,Insidious,Horror Mystery Thriller,ghost house supernatural family,Patrick Wilson Rose Byrne Lin Shaye,James Wan,A family discovers that a supernatural force has entered their home.,Hollywood
88,A Quiet Place,Horror Sci-Fi Thriller,monsters survival family silence,Emily Blunt John Krasinski Millicent Simmonds,John Krasinski,A family survives in silence while dangerous creatures hunt by sound.,Hollywood
89,It,Horror Drama,clown children friendship fear,Bill Skarsgard Jaeden Martell Finn Wolfhard,Andy Muschietti,A group of children faces a terrifying supernatural creature.,Hollywood
90,The Exorcist,Horror Drama Mystery,demon possession priest family,Ellen Burstyn Linda Blair Max von Sydow,William Friedkin,A family seeks help when a child appears to be possessed.,Hollywood
91,Get Out,Horror Mystery Thriller,family racism hypnosis mystery,Daniel Kaluuya Allison Williams Bradley Whitford,Jordan Peele,A young man discovers disturbing secrets while visiting his girlfriend's family.,Hollywood
92,A Quiet Place Part II,Horror Sci-Fi Thriller,monsters survival family sound,Emily Blunt Cillian Murphy Millicent Simmonds,John Krasinski,A family continues searching for safety in a world ruled by creatures that hunt by sound.,Hollywood
93,Train to Busan,Action Horror Thriller,zombies train survival outbreak,Gong Yoo Jung Yu-mi Ma Dong-seok,Yeon Sang-ho,Passengers fight to survive a zombie outbreak aboard a train.,Hollywood
94,World War Z,Action Horror Sci-Fi,zombies outbreak survival world,Brad Pitt Mireille Enos Daniella Kertesz,Marc Forster,A former investigator travels the world searching for a way to stop a zombie outbreak.,Bollywood
95,Zombieland,Comedy Horror Action,zombie survival comedy road trip,Jesse Eisenberg Woody Harrelson Emma Stone,Ruben Fleischer,Survivors travel across a zombie-filled America while following their own rules.,Hollywood
96,The Grand Budapest Hotel,Comedy Drama Adventure,hotel friendship mystery europe,Ralph Fiennes Tony Revolori Adrien Brody,Wes Anderson,A hotel concierge and his young assistant become involved in a mysterious adventure.,Hollywood
97,The Wolf of Wall Street,Comedy Crime Drama,stock market money fraud ambition,Leonardo DiCaprio Jonah Hill Margot Robbie,Martin Scorsese,A stockbroker builds a wealthy lifestyle through risky and illegal financial schemes.,Hollywood
98,Catch Me If You Can,Crime Drama Biography,con artist FBI identity fraud,Leonardo DiCaprio Tom Hanks Christopher Walken,Steven Spielberg,A young con artist stays ahead of an FBI agent while changing identities.,Hollywood
99,The Departed,Crime Drama Thriller,police mafia undercover crime,Leonardo DiCaprio Matt Damon Jack Nicholson,Martin Scorsese,An undercover police officer and a criminal informant work inside rival organizations.,Hollywood
100,Fight Club,Drama Thriller,identity rebellion friendship underground,Brad Pitt Edward Norton Helena Bonham Carter,David Fincher,A dissatisfied worker forms an underground club that grows beyond control.,Hollywood
101,The Prestige,Drama Mystery Sci-Fi,magic rivalry illusion obsession,Christian Bale Hugh Jackman Scarlett Johansson,Christopher Nolan,Two rival magicians become obsessed with creating the perfect illusion.,Hollywood
102,Memento,Mystery Thriller Drama,memory detective revenge crime,Guy Pearce Carrie-Anne Moss Joe Pantoliano,Christopher Nolan,A man with short-term memory loss investigates a mysterious crime.,Hollywood
103,Shutter Island,Mystery Thriller Drama,island detective mental mystery,Leonardo DiCaprio Mark Ruffalo Ben Kingsley,Martin Scorsese,A detective investigates a disappearance at an isolated hospital.,Hollywood
104,Gone Girl,Mystery Thriller Drama,marriage disappearance media crime,Ben Affleck Rosamund Pike Neil Patrick Harris,David Fincher,A man's life changes when his wife disappears under suspicious circumstances.,Hollywood
105,The Girl with the Dragon Tattoo,Crime Mystery Thriller,hacker investigation murder mystery,Daniel Craig Rooney Mara Christopher Plummer,David Fincher,A journalist and hacker investigate a decades-old disappearance.,Hollywood
106,The Truman Show,Comedy Drama Sci-Fi,television reality life mystery,Jim Carrey Laura Linney Ed Harris,Peter Weir,A man slowly discovers that his entire life is being filmed for television.,Hollywood
107,Back to the Future,Adventure Comedy Sci-Fi,time travel car teenager,Michael J Fox Christopher Lloyd Lea Thompson,Robert Zemeckis,A teenager travels through time using a modified car.,Hollywood
108,Terminator 2: Judgment Day,Action Sci-Fi,robot time travel future,Arnold Schwarzenegger Linda Hamilton Edward Furlong,James Cameron,A future soldier and a reprogrammed robot protect a young target.,Hollywood
109,Alien,Horror Sci-Fi Thriller,space creature survival crew,Sigourney Weaver Tom Skerritt John Hurt,Ridley Scott,A space crew encounters a deadly creature aboard their spacecraft.,Hollywood
110,Aliens,Action Horror Sci-Fi,space marines alien survival,Sigourney Weaver Michael Biehn Paul Reiser,James Cameron,A team of space marines confronts a dangerous alien colony.,Hollywood
111,Edge of Tomorrow,Action Sci-Fi,time loop alien war soldier,Tom Cruise Emily Blunt Bill Paxton,Doug Liman,A soldier relives the same battle repeatedly while fighting an alien invasion.,Hollywood
112,Pacific Rim,Action Sci-Fi Adventure,robots monsters ocean battle,Charlie Hunnam Idris Elba Rinko Kikuchi,Guillermo del Toro,Giant robots fight enormous creatures emerging from the ocean.,Hollywood
113,The Fifth Element,Action Sci-Fi Adventure,future space alien mission,Bruce Willis Milla Jovovich Gary Oldman,Luc Besson,A cab driver becomes involved in a mission to save the future.,Hollywood
114,Men in Black,Action Comedy Sci-Fi,aliens secret agents government,Will Smith Tommy Lee Jones Linda Fiorentino,Barry Sonnenfeld,Secret agents protect Earth from hidden alien activity.,Hollywood
115,E.T. the Extra-Terrestrial,Adventure Sci-Fi Family,alien friendship children space,Henry Thomas Drew Barrymore Dee Wallace,Steven Spielberg,A child helps a stranded alien return home.,Hollywood
116,How to Train Your Dragon,Animation Adventure Fantasy,dragon friendship vikings flying,Jay Baruchel Gerard Butler America Ferrera,Chris Sanders Dean DeBlois,A young Viking becomes friends with a dragon and changes his village.,Animation
117,Toy Story,Animation Comedy Adventure,toys friendship childhood,Tom Hanks Tim Allen Don Rickles,John Lasseter,Living toys learn about friendship when a new toy arrives.,Animation
118,Finding Nemo,Animation Adventure Comedy,ocean fish family friendship,Albert Brooks Ellen DeGeneres Alexander Gould,Andrew Stanton,A father fish crosses the ocean to find his missing son.,Animation
119,The Lion King,Animation Adventure Drama,lion family kingdom friendship,Matthew Broderick Jeremy Irons James Earl Jones,Roger Allers Rob Minkoff,A young lion learns to accept his responsibility as king.,Animation
120,Coco,Animation Adventure Fantasy,music family mexico memory,Anthony Gonzalez Gael Garcia Bernal Benjamin Bratt,Lee Unkrich Adrian Molina,A young musician enters the world of the dead to discover his family history.,Animation
121,Inside Out,Animation Comedy Drama,emotions childhood family,Amy Poehler Phyllis Smith Bill Hader,Pete Docter,A girl's emotions help her adapt to a major change in her life.,Animation
122,Up,Animation Adventure Comedy,house journey friendship,Ed Asner Christopher Plummer Jordan Nagai,Pete Docter,An elderly man travels to a distant place with a young companion.,Animation
123,Ratatouille,Animation Comedy Drama,cooking chef paris food,Patton Oswalt Ian Holm Lou Romano,Brad Bird,A talented rat dreams of becoming a chef in Paris.,Animation
124,Marvel Protocol 1,Action Adventure Sci-Fi,superhero power universe battle team technology marvel,Chris Evans Scarlett Johansson Chris Hemsworth,Marvel Studios Team,"A marvel story about superhero and power, combining action adventure sci-fi elements.",Marvel
125,Avenger Legacy 2,Action Sci-Fi Thriller,superhero power universe battle team technology marvel,Chris Evans Scarlett Johansson Chris Hemsworth,Action Film Director,"A marvel story about superhero and power, combining action sci-fi thriller elements.",Marvel
126,Quantum Reborn 3,Action Adventure Fantasy,superhero power universe battle team technology marvel,Chris Evans Scarlett Johansson Chris Hemsworth,Sci-Fi Director,"A marvel story about superhero and power, combining action adventure fantasy elements.",Marvel
127,Stellar War 4,Action Adventure Sci-Fi,superhero power universe battle team technology marvel,Chris Evans Scarlett Johansson Chris Hemsworth,Marvel Studios Team,"A marvel story about superhero and power, combining action adventure sci-fi elements.",Marvel
128,Cosmic Rise 5,Action Sci-Fi Thriller,superhero power universe battle team technology marvel,Chris Evans Scarlett Johansson Chris Hemsworth,Action Film Director,"A marvel story about superhero and power, combining action sci-fi thriller elements.",Marvel
129,Hero Alliance 6,Action Adventure Fantasy,superhero power universe battle team technology marvel,Chris Evans Scarlett Johansson Chris Hemsworth,Sci-Fi Director,"A marvel story about superhero and power, combining action adventure fantasy elements.",Marvel
130,Marvel Chronicles 7,Action Adventure Sci-Fi,superhero power universe battle team technology marvel,Chris Evans Scarlett Johansson Chris Hemsworth,Marvel Studios Team,"A marvel story about superhero and power, combining action adventure sci-fi elements.",Marvel
131,Avenger Infinity 8,Action Sci-Fi Thriller,superhero power universe battle team technology marvel,Chris Evans Scarlett Johansson Chris Hemsworth,Action Film Director,"A marvel story about superhero and power, combining action sci-fi thriller elements.",Marvel
132,Quantum Protocol 9,Action Adventure Fantasy,superhero power universe battle team technology marvel,Chris Evans Scarlett Johansson Chris Hemsworth,Sci-Fi Director,"A marvel story about superhero and power, combining action adventure fantasy elements.",Marvel
133,Stellar Legacy 10,Action Adventure Sci-Fi,superhero power universe battle team technology marvel,Chris Evans Scarlett Johansson Chris Hemsworth,Marvel Studios Team,"A marvel story about superhero and power, combining action adventure sci-fi elements.",Marvel
134,Cosmic Reborn 11,Action Sci-Fi Thriller,superhero power universe battle team technology marvel,Chris Evans Scarlett Johansson Chris Hemsworth,Action Film Director,"A marvel story about superhero and power, combining action sci-fi thriller elements.",Marvel
135,Hero War 12,Action Adventure Fantasy,superhero power universe battle team technology marvel,Chris Evans Scarlett Johansson Chris Hemsworth,Sci-Fi Director,"A marvel story about superhero and power, combining action adventure fantasy elements.",Marvel
136,Marvel Rise 13,Action Adventure Sci-Fi,superhero power universe battle team technology marvel,Chris Evans Scarlett Johansson Chris Hemsworth,Marvel Studios Team,"A marvel story about superhero and power, combining action adventure sci-fi elements.",Marvel
137,Avenger Alliance 14,Action Sci-Fi Thriller,superhero power universe battle team technology marvel,Chris Evans Scarlett Johansson Chris Hemsworth,Action Film Director,"A marvel story about superhero and power, combining action sci-fi thriller elements.",Marvel
138,Quantum Chronicles 15,Action Adventure Fantasy,superhero power universe battle team technology marvel,Chris Evans Scarlett Johansson Chris Hemsworth,Sci-Fi Director,"A marvel story about superhero and power, combining action adventure fantasy elements.",Marvel
139,Stellar Infinity 16,Action Adventure Sci-Fi,superhero power universe battle team technology marvel,Chris Evans Scarlett Johansson Chris Hemsworth,Marvel Studios Team,"A marvel story about superhero and power, combining action adventure sci-fi elements.",Marvel
140,Cosmic Protocol 17,Action Sci-Fi Thriller,superhero power universe battle team technology marvel,Chris Evans Scarlett Johansson Chris Hemsworth,Action Film Director,"A marvel story about superhero and power, combining action sci-fi thriller elements.",Marvel
141,Hero Legacy 18,Action Adventure Fantasy,superhero power universe battle team technology marvel,Chris Evans Scarlett Johansson Chris Hemsworth,Sci-Fi Director,"A marvel story about superhero and power, combining action adventure fantasy elements.",Marvel
142,Marvel Reborn 19,Action Adventure Sci-Fi,superhero power universe battle team technology marvel,Chris Evans Scarlett Johansson Chris Hemsworth,Marvel Studios Team,"A marvel story about superhero and power, combining action adventure sci-fi elements.",Marvel
143,Avenger War 20,Action Sci-Fi Thriller,superhero power universe battle team technology marvel,Chris Evans Scarlett Johansson Chris Hemsworth,Action Film Director,"A marvel story about superhero and power, combining action sci-fi thriller elements.",Marvel
144,Quantum Rise 21,Action Adventure Fantasy,superhero power universe battle team technology marvel,Chris Evans Scarlett Johansson Chris Hemsworth,Sci-Fi Director,"A marvel story about superhero and power, combining action adventure fantasy elements.",Marvel
145,Stellar Alliance 22,Action Adventure Sci-Fi,superhero power universe battle team technology marvel,Chris Evans Scarlett Johansson Chris Hemsworth,Marvel Studios Team,"A marvel story about superhero and power, combining action adventure sci-fi elements.",Marvel
146,Cosmic Chronicles 23,Action Sci-Fi Thriller,superhero power universe battle team technology marvel,Chris Evans Scarlett Johansson Chris Hemsworth,Action Film Director,"A marvel story about superhero and power, combining action sci-fi thriller elements.",Marvel
147,Hero Infinity 24,Action Adventure Fantasy,superhero power universe battle team technology marvel,Chris Evans Scarlett Johansson Chris Hemsworth,Sci-Fi Director,"A marvel story about superhero and power, combining action adventure fantasy elements.",Marvel
148,Marvel Protocol 25,Action Adventure Sci-Fi,superhero power universe battle team technology marvel,Chris Evans Scarlett Johansson Chris Hemsworth,Marvel Studios Team,"A marvel story about superhero and power, combining action adventure sci-fi elements.",Marvel
149,Avenger Legacy 26,Action Sci-Fi Thriller,superhero power universe battle team technology marvel,Chris Evans Scarlett Johansson Chris Hemsworth,Action Film Director,"A marvel story about superhero and power, combining action sci-fi thriller elements.",Marvel
150,Quantum Reborn 27,Action Adventure Fantasy,superhero power universe battle team technology marvel,Chris Evans Scarlett Johansson Chris Hemsworth,Sci-Fi Director,"A marvel story about superhero and power, combining action adventure fantasy elements.",Marvel
151,Stellar War 28,Action Adventure Sci-Fi,superhero power universe battle team technology marvel,Chris Evans Scarlett Johansson Chris Hemsworth,Marvel Studios Team,"A marvel story about superhero and power, combining action adventure sci-fi elements.",Marvel
152,Cosmic Rise 29,Action Sci-Fi Thriller,superhero power universe battle team technology marvel,Chris Evans Scarlett Johansson Chris Hemsworth,Action Film Director,"A marvel story about superhero and power, combining action sci-fi thriller elements.",Marvel
153,Hero Alliance 30,Action Adventure Fantasy,superhero power universe battle team technology marvel,Chris Evans Scarlett Johansson Chris Hemsworth,Sci-Fi Director,"A marvel story about superhero and power, combining action adventure fantasy elements.",Marvel
154,Marvel Chronicles 31,Action Adventure Sci-Fi,superhero power universe battle team technology marvel,Chris Evans Scarlett Johansson Chris Hemsworth,Marvel Studios Team,"A marvel story about superhero and power, combining action adventure sci-fi elements.",Marvel
155,Avenger Infinity 32,Action Sci-Fi Thriller,superhero power universe battle team technology marvel,Chris Evans Scarlett Johansson Chris Hemsworth,Action Film Director,"A marvel story about superhero and power, combining action sci-fi thriller elements.",Marvel
156,Quantum Protocol 33,Action Adventure Fantasy,superhero power universe battle team technology marvel,Chris Evans Scarlett Johansson Chris Hemsworth,Sci-Fi Director,"A marvel story about superhero and power, combining action adventure fantasy elements.",Marvel
157,Stellar Legacy 34,Action Adventure Sci-Fi,superhero power universe battle team technology marvel,Chris Evans Scarlett Johansson Chris Hemsworth,Marvel Studios Team,"A marvel story about superhero and power, combining action adventure sci-fi elements.",Marvel
158,Cosmic Reborn 35,Action Sci-Fi Thriller,superhero power universe battle team technology marvel,Chris Evans Scarlett Johansson Chris Hemsworth,Action Film Director,"A marvel story about superhero and power, combining action sci-fi thriller elements.",Marvel
159,Hero War 36,Action Adventure Fantasy,superhero power universe battle team technology marvel,Chris Evans Scarlett Johansson Chris Hemsworth,Sci-Fi Director,"A marvel story about superhero and power, combining action adventure fantasy elements.",Marvel
160,Marvel Rise 37,Action Adventure Sci-Fi,superhero power universe battle team technology marvel,Chris Evans Scarlett Johansson Chris Hemsworth,Marvel Studios Team,"A marvel story about superhero and power, combining action adventure sci-fi elements.",Marvel
161,Avenger Alliance 38,Action Sci-Fi Thriller,superhero power universe battle team technology marvel,Chris Evans Scarlett Johansson Chris Hemsworth,Action Film Director,"A marvel story about superhero and power, combining action sci-fi thriller elements.",Marvel
162,Quantum Chronicles 39,Action Adventure Fantasy,superhero power universe battle team technology marvel,Chris Evans Scarlett Johansson Chris Hemsworth,Sci-Fi Director,"A marvel story about superhero and power, combining action adventure fantasy elements.",Marvel
163,Stellar Infinity 40,Action Adventure Sci-Fi,superhero power universe battle team technology marvel,Chris Evans Scarlett Johansson Chris Hemsworth,Marvel Studios Team,"A marvel story about superhero and power, combining action adventure sci-fi elements.",Marvel
164,Cosmic Protocol 41,Action Sci-Fi Thriller,superhero power universe battle team technology marvel,Chris Evans Scarlett Johansson Chris Hemsworth,Action Film Director,"A marvel story about superhero and power, combining action sci-fi thriller elements.",Marvel
165,Hero Legacy 42,Action Adventure Fantasy,superhero power universe battle team technology marvel,Chris Evans Scarlett Johansson Chris Hemsworth,Sci-Fi Director,"A marvel story about superhero and power, combining action adventure fantasy elements.",Marvel
166,Marvel Reborn 43,Action Adventure Sci-Fi,superhero power universe battle team technology marvel,Chris Evans Scarlett Johansson Chris Hemsworth,Marvel Studios Team,"A marvel story about superhero and power, combining action adventure sci-fi elements.",Marvel
167,Avenger War 44,Action Sci-Fi Thriller,superhero power universe battle team technology marvel,Chris Evans Scarlett Johansson Chris Hemsworth,Action Film Director,"A marvel story about superhero and power, combining action sci-fi thriller elements.",Marvel
168,Quantum Rise 45,Action Adventure Fantasy,superhero power universe battle team technology marvel,Chris Evans Scarlett Johansson Chris Hemsworth,Sci-Fi Director,"A marvel story about superhero and power, combining action adventure fantasy elements.",Marvel
169,Stellar Alliance 46,Action Adventure Sci-Fi,superhero power universe battle team technology marvel,Chris Evans Scarlett Johansson Chris Hemsworth,Marvel Studios Team,"A marvel story about superhero and power, combining action adventure sci-fi elements.",Marvel
170,Cosmic Chronicles 47,Action Sci-Fi Thriller,superhero power universe battle team technology marvel,Chris Evans Scarlett Johansson Chris Hemsworth,Action Film Director,"A marvel story about superhero and power, combining action sci-fi thriller elements.",Marvel
171,Hero Infinity 48,Action Adventure Fantasy,superhero power universe battle team technology marvel,Chris Evans Scarlett Johansson Chris Hemsworth,Sci-Fi Director,"A marvel story about superhero and power, combining action adventure fantasy elements.",Marvel
172,Marvel Protocol 49,Action Adventure Sci-Fi,superhero power universe battle team technology marvel,Chris Evans Scarlett Johansson Chris Hemsworth,Marvel Studios Team,"A marvel story about superhero and power, combining action adventure sci-fi elements.",Marvel
173,Avenger Legacy 50,Action Sci-Fi Thriller,superhero power universe battle team technology marvel,Chris Evans Scarlett Johansson Chris Hemsworth,Action Film Director,"A marvel story about superhero and power, combining action sci-fi thriller elements.",Marvel
174,Quantum Reborn 51,Action Adventure Fantasy,superhero power universe battle team technology marvel,Chris Evans Scarlett Johansson Chris Hemsworth,Sci-Fi Director,"A marvel story about superhero and power, combining action adventure fantasy elements.",Marvel
175,Stellar War 52,Action Adventure Sci-Fi,superhero power universe battle team technology marvel,Chris Evans Scarlett Johansson Chris Hemsworth,Marvel Studios Team,"A marvel story about superhero and power, combining action adventure sci-fi elements.",Marvel
176,Cosmic Rise 53,Action Sci-Fi Thriller,superhero power universe battle team technology marvel,Chris Evans Scarlett Johansson Chris Hemsworth,Action Film Director,"A marvel story about superhero and power, combining action sci-fi thriller elements.",Marvel
177,Hero Alliance 54,Action Adventure Fantasy,superhero power universe battle team technology marvel,Chris Evans Scarlett Johansson Chris Hemsworth,Sci-Fi Director,"A marvel story about superhero and power, combining action adventure fantasy elements.",Marvel
178,Marvel Chronicles 55,Action Adventure Sci-Fi,superhero power universe battle team technology marvel,Chris Evans Scarlett Johansson Chris Hemsworth,Marvel Studios Team,"A marvel story about superhero and power, combining action adventure sci-fi elements.",Marvel
179,Avenger Infinity 56,Action Sci-Fi Thriller,superhero power universe battle team technology marvel,Chris Evans Scarlett Johansson Chris Hemsworth,Action Film Director,"A marvel story about superhero and power, combining action sci-fi thriller elements.",Marvel
180,Quantum Protocol 57,Action Adventure Fantasy,superhero power universe battle team technology marvel,Chris Evans Scarlett Johansson Chris Hemsworth,Sci-Fi Director,"A marvel story about superhero and power, combining action adventure fantasy elements.",Marvel
181,Stellar Legacy 58,Action Adventure Sci-Fi,superhero power universe battle team technology marvel,Chris Evans Scarlett Johansson Chris Hemsworth,Marvel Studios Team,"A marvel story about superhero and power, combining action adventure sci-fi elements.",Marvel
182,Cosmic Reborn 59,Action Sci-Fi Thriller,superhero power universe battle team technology marvel,Chris Evans Scarlett Johansson Chris Hemsworth,Action Film Director,"A marvel story about superhero and power, combining action sci-fi thriller elements.",Marvel
183,Hero War 60,Action Adventure Fantasy,superhero power universe battle team technology marvel,Chris Evans Scarlett Johansson Chris Hemsworth,Sci-Fi Director,"A marvel story about superhero and power, combining action adventure fantasy elements.",Marvel
184,Marvel Rise 61,Action Adventure Sci-Fi,superhero power universe battle team technology marvel,Chris Evans Scarlett Johansson Chris Hemsworth,Marvel Studios Team,"A marvel story about superhero and power, combining action adventure sci-fi elements.",Marvel
185,Avenger Alliance 62,Action Sci-Fi Thriller,superhero power universe battle team technology marvel,Chris Evans Scarlett Johansson Chris Hemsworth,Action Film Director,"A marvel story about superhero and power, combining action sci-fi thriller elements.",Marvel
186,Quantum Chronicles 63,Action Adventure Fantasy,superhero power universe battle team technology marvel,Chris Evans Scarlett Johansson Chris Hemsworth,Sci-Fi Director,"A marvel story about superhero and power, combining action adventure fantasy elements.",Marvel
187,Stellar Infinity 64,Action Adventure Sci-Fi,superhero power universe battle team technology marvel,Chris Evans Scarlett Johansson Chris Hemsworth,Marvel Studios Team,"A marvel story about superhero and power, combining action adventure sci-fi elements.",Marvel
188,Cosmic Protocol 65,Action Sci-Fi Thriller,superhero power universe battle team technology marvel,Chris Evans Scarlett Johansson Chris Hemsworth,Action Film Director,"A marvel story about superhero and power, combining action sci-fi thriller elements.",Marvel
189,Hero Legacy 66,Action Adventure Fantasy,superhero power universe battle team technology marvel,Chris Evans Scarlett Johansson Chris Hemsworth,Sci-Fi Director,"A marvel story about superhero and power, combining action adventure fantasy elements.",Marvel
190,Marvel Reborn 67,Action Adventure Sci-Fi,superhero power universe battle team technology marvel,Chris Evans Scarlett Johansson Chris Hemsworth,Marvel Studios Team,"A marvel story about superhero and power, combining action adventure sci-fi elements.",Marvel
191,Avenger War 68,Action Sci-Fi Thriller,superhero power universe battle team technology marvel,Chris Evans Scarlett Johansson Chris Hemsworth,Action Film Director,"A marvel story about superhero and power, combining action sci-fi thriller elements.",Marvel
192,Quantum Rise 69,Action Adventure Fantasy,superhero power universe battle team technology marvel,Chris Evans Scarlett Johansson Chris Hemsworth,Sci-Fi Director,"A marvel story about superhero and power, combining action adventure fantasy elements.",Marvel
193,Stellar Alliance 70,Action Adventure Sci-Fi,superhero power universe battle team technology marvel,Chris Evans Scarlett Johansson Chris Hemsworth,Marvel Studios Team,"A marvel story about superhero and power, combining action adventure sci-fi elements.",Marvel
194,Cosmic Chronicles 71,Action Sci-Fi Thriller,superhero power universe battle team technology marvel,Chris Evans Scarlett Johansson Chris Hemsworth,Action Film Director,"A marvel story about superhero and power, combining action sci-fi thriller elements.",Marvel
195,Hero Infinity 72,Action Adventure Fantasy,superhero power universe battle team technology marvel,Chris Evans Scarlett Johansson Chris Hemsworth,Sci-Fi Director,"A marvel story about superhero and power, combining action adventure fantasy elements.",Marvel
196,Marvel Protocol 73,Action Adventure Sci-Fi,superhero power universe battle team technology marvel,Chris Evans Scarlett Johansson Chris Hemsworth,Marvel Studios Team,"A marvel story about superhero and power, combining action adventure sci-fi elements.",Marvel
197,Avenger Legacy 74,Action Sci-Fi Thriller,superhero power universe battle team technology marvel,Chris Evans Scarlett Johansson Chris Hemsworth,Action Film Director,"A marvel story about superhero and power, combining action sci-fi thriller elements.",Marvel
198,Quantum Reborn 75,Action Adventure Fantasy,superhero power universe battle team technology marvel,Chris Evans Scarlett Johansson Chris Hemsworth,Sci-Fi Director,"A marvel story about superhero and power, combining action adventure fantasy elements.",Marvel
199,Gotham Knight 1,Action Adventure Fantasy,hero city justice villain vigilante battle dc,Henry Cavill Gal Gadot Ben Affleck,DC Studios Team,"A dc story about hero and city, combining action adventure fantasy elements.",DC
200,Metropolis Alliance 2,Action Crime Drama,hero city justice villain vigilante battle dc,Henry Cavill Gal Gadot Ben Affleck,Comic Action Director,"A dc story about hero and city, combining action crime drama elements.",DC
201,Justice Dawn 3,Action Sci-Fi Thriller,hero city justice villain vigilante battle dc,Henry Cavill Gal Gadot Ben Affleck,Fantasy Director,"A dc story about hero and city, combining action sci-fi thriller elements.",DC
202,Dark Legacy 4,Action Adventure Fantasy,hero city justice villain vigilante battle dc,Henry Cavill Gal Gadot Ben Affleck,DC Studios Team,"A dc story about hero and city, combining action adventure fantasy elements.",DC
203,Crimson War 5,Action Crime Drama,hero city justice villain vigilante battle dc,Henry Cavill Gal Gadot Ben Affleck,Comic Action Director,"A dc story about hero and city, combining action crime drama elements.",DC
204,Legend Reckoning 6,Action Sci-Fi Thriller,hero city justice villain vigilante battle dc,Henry Cavill Gal Gadot Ben Affleck,Fantasy Director,"A dc story about hero and city, combining action sci-fi thriller elements.",DC
205,Gotham Rise 7,Action Adventure Fantasy,hero city justice villain vigilante battle dc,Henry Cavill Gal Gadot Ben Affleck,DC Studios Team,"A dc story about hero and city, combining action adventure fantasy elements.",DC
206,Metropolis Shadow 8,Action Crime Drama,hero city justice villain vigilante battle dc,Henry Cavill Gal Gadot Ben Affleck,Comic Action Director,"A dc story about hero and city, combining action crime drama elements.",DC
207,Justice Knight 9,Action Sci-Fi Thriller,hero city justice villain vigilante battle dc,Henry Cavill Gal Gadot Ben Affleck,Fantasy Director,"A dc story about hero and city, combining action sci-fi thriller elements.",DC
208,Dark Alliance 10,Action Adventure Fantasy,hero city justice villain vigilante battle dc,Henry Cavill Gal Gadot Ben Affleck,DC Studios Team,"A dc story about hero and city, combining action adventure fantasy elements.",DC
209,Crimson Dawn 11,Action Crime Drama,hero city justice villain vigilante battle dc,Henry Cavill Gal Gadot Ben Affleck,Comic Action Director,"A dc story about hero and city, combining action crime drama elements.",DC
210,Legend Legacy 12,Action Sci-Fi Thriller,hero city justice villain vigilante battle dc,Henry Cavill Gal Gadot Ben Affleck,Fantasy Director,"A dc story about hero and city, combining action sci-fi thriller elements.",DC
211,Gotham War 13,Action Adventure Fantasy,hero city justice villain vigilante battle dc,Henry Cavill Gal Gadot Ben Affleck,DC Studios Team,"A dc story about hero and city, combining action adventure fantasy elements.",DC
212,Metropolis Reckoning 14,Action Crime Drama,hero city justice villain vigilante battle dc,Henry Cavill Gal Gadot Ben Affleck,Comic Action Director,"A dc story about hero and city, combining action crime drama elements.",DC
213,Justice Rise 15,Action Sci-Fi Thriller,hero city justice villain vigilante battle dc,Henry Cavill Gal Gadot Ben Affleck,Fantasy Director,"A dc story about hero and city, combining action sci-fi thriller elements.",DC
214,Dark Shadow 16,Action Adventure Fantasy,hero city justice villain vigilante battle dc,Henry Cavill Gal Gadot Ben Affleck,DC Studios Team,"A dc story about hero and city, combining action adventure fantasy elements.",DC
215,Crimson Knight 17,Action Crime Drama,hero city justice villain vigilante battle dc,Henry Cavill Gal Gadot Ben Affleck,Comic Action Director,"A dc story about hero and city, combining action crime drama elements.",DC
216,Legend Alliance 18,Action Sci-Fi Thriller,hero city justice villain vigilante battle dc,Henry Cavill Gal Gadot Ben Affleck,Fantasy Director,"A dc story about hero and city, combining action sci-fi thriller elements.",DC
217,Gotham Dawn 19,Action Adventure Fantasy,hero city justice villain vigilante battle dc,Henry Cavill Gal Gadot Ben Affleck,DC Studios Team,"A dc story about hero and city, combining action adventure fantasy elements.",DC
218,Metropolis Legacy 20,Action Crime Drama,hero city justice villain vigilante battle dc,Henry Cavill Gal Gadot Ben Affleck,Comic Action Director,"A dc story about hero and city, combining action crime drama elements.",DC
219,Justice War 21,Action Sci-Fi Thriller,hero city justice villain vigilante battle dc,Henry Cavill Gal Gadot Ben Affleck,Fantasy Director,"A dc story about hero and city, combining action sci-fi thriller elements.",DC
220,Dark Reckoning 22,Action Adventure Fantasy,hero city justice villain vigilante battle dc,Henry Cavill Gal Gadot Ben Affleck,DC Studios Team,"A dc story about hero and city, combining action adventure fantasy elements.",DC
221,Crimson Rise 23,Action Crime Drama,hero city justice villain vigilante battle dc,Henry Cavill Gal Gadot Ben Affleck,Comic Action Director,"A dc story about hero and city, combining action crime drama elements.",DC
222,Legend Shadow 24,Action Sci-Fi Thriller,hero city justice villain vigilante battle dc,Henry Cavill Gal Gadot Ben Affleck,Fantasy Director,"A dc story about hero and city, combining action sci-fi thriller elements.",DC
223,Gotham Knight 25,Action Adventure Fantasy,hero city justice villain vigilante battle dc,Henry Cavill Gal Gadot Ben Affleck,DC Studios Team,"A dc story about hero and city, combining action adventure fantasy elements.",DC
224,Metropolis Alliance 26,Action Crime Drama,hero city justice villain vigilante battle dc,Henry Cavill Gal Gadot Ben Affleck,Comic Action Director,"A dc story about hero and city, combining action crime drama elements.",DC
225,Justice Dawn 27,Action Sci-Fi Thriller,hero city justice villain vigilante battle dc,Henry Cavill Gal Gadot Ben Affleck,Fantasy Director,"A dc story about hero and city, combining action sci-fi thriller elements.",DC
226,Dark Legacy 28,Action Adventure Fantasy,hero city justice villain vigilante battle dc,Henry Cavill Gal Gadot Ben Affleck,DC Studios Team,"A dc story about hero and city, combining action adventure fantasy elements.",DC
227,Crimson War 29,Action Crime Drama,hero city justice villain vigilante battle dc,Henry Cavill Gal Gadot Ben Affleck,Comic Action Director,"A dc story about hero and city, combining action crime drama elements.",DC
228,Legend Reckoning 30,Action Sci-Fi Thriller,hero city justice villain vigilante battle dc,Henry Cavill Gal Gadot Ben Affleck,Fantasy Director,"A dc story about hero and city, combining action sci-fi thriller elements.",DC
229,Gotham Rise 31,Action Adventure Fantasy,hero city justice villain vigilante battle dc,Henry Cavill Gal Gadot Ben Affleck,DC Studios Team,"A dc story about hero and city, combining action adventure fantasy elements.",DC
230,Metropolis Shadow 32,Action Crime Drama,hero city justice villain vigilante battle dc,Henry Cavill Gal Gadot Ben Affleck,Comic Action Director,"A dc story about hero and city, combining action crime drama elements.",DC
231,Justice Knight 33,Action Sci-Fi Thriller,hero city justice villain vigilante battle dc,Henry Cavill Gal Gadot Ben Affleck,Fantasy Director,"A dc story about hero and city, combining action sci-fi thriller elements.",DC
232,Dark Alliance 34,Action Adventure Fantasy,hero city justice villain vigilante battle dc,Henry Cavill Gal Gadot Ben Affleck,DC Studios Team,"A dc story about hero and city, combining action adventure fantasy elements.",DC
233,Crimson Dawn 35,Action Crime Drama,hero city justice villain vigilante battle dc,Henry Cavill Gal Gadot Ben Affleck,Comic Action Director,"A dc story about hero and city, combining action crime drama elements.",DC
234,Legend Legacy 36,Action Sci-Fi Thriller,hero city justice villain vigilante battle dc,Henry Cavill Gal Gadot Ben Affleck,Fantasy Director,"A dc story about hero and city, combining action sci-fi thriller elements.",DC
235,Gotham War 37,Action Adventure Fantasy,hero city justice villain vigilante battle dc,Henry Cavill Gal Gadot Ben Affleck,DC Studios Team,"A dc story about hero and city, combining action adventure fantasy elements.",DC
236,Metropolis Reckoning 38,Action Crime Drama,hero city justice villain vigilante battle dc,Henry Cavill Gal Gadot Ben Affleck,Comic Action Director,"A dc story about hero and city, combining action crime drama elements.",DC
237,Justice Rise 39,Action Sci-Fi Thriller,hero city justice villain vigilante battle dc,Henry Cavill Gal Gadot Ben Affleck,Fantasy Director,"A dc story about hero and city, combining action sci-fi thriller elements.",DC
238,Dark Shadow 40,Action Adventure Fantasy,hero city justice villain vigilante battle dc,Henry Cavill Gal Gadot Ben Affleck,DC Studios Team,"A dc story about hero and city, combining action adventure fantasy elements.",DC
239,Crimson Knight 41,Action Crime Drama,hero city justice villain vigilante battle dc,Henry Cavill Gal Gadot Ben Affleck,Comic Action Director,"A dc story about hero and city, combining action crime drama elements.",DC
240,Legend Alliance 42,Action Sci-Fi Thriller,hero city justice villain vigilante battle dc,Henry Cavill Gal Gadot Ben Affleck,Fantasy Director,"A dc story about hero and city, combining action sci-fi thriller elements.",DC
241,Gotham Dawn 43,Action Adventure Fantasy,hero city justice villain vigilante battle dc,Henry Cavill Gal Gadot Ben Affleck,DC Studios Team,"A dc story about hero and city, combining action adventure fantasy elements.",DC
242,Metropolis Legacy 44,Action Crime Drama,hero city justice villain vigilante battle dc,Henry Cavill Gal Gadot Ben Affleck,Comic Action Director,"A dc story about hero and city, combining action crime drama elements.",DC
243,Justice War 45,Action Sci-Fi Thriller,hero city justice villain vigilante battle dc,Henry Cavill Gal Gadot Ben Affleck,Fantasy Director,"A dc story about hero and city, combining action sci-fi thriller elements.",DC
244,Dark Reckoning 46,Action Adventure Fantasy,hero city justice villain vigilante battle dc,Henry Cavill Gal Gadot Ben Affleck,DC Studios Team,"A dc story about hero and city, combining action adventure fantasy elements.",DC
245,Crimson Rise 47,Action Crime Drama,hero city justice villain vigilante battle dc,Henry Cavill Gal Gadot Ben Affleck,Comic Action Director,"A dc story about hero and city, combining action crime drama elements.",DC
246,Legend Shadow 48,Action Sci-Fi Thriller,hero city justice villain vigilante battle dc,Henry Cavill Gal Gadot Ben Affleck,Fantasy Director,"A dc story about hero and city, combining action sci-fi thriller elements.",DC
247,Gotham Knight 49,Action Adventure Fantasy,hero city justice villain vigilante battle dc,Henry Cavill Gal Gadot Ben Affleck,DC Studios Team,"A dc story about hero and city, combining action adventure fantasy elements.",DC
248,Metropolis Alliance 50,Action Crime Drama,hero city justice villain vigilante battle dc,Henry Cavill Gal Gadot Ben Affleck,Comic Action Director,"A dc story about hero and city, combining action crime drama elements.",DC
249,Justice Dawn 51,Action Sci-Fi Thriller,hero city justice villain vigilante battle dc,Henry Cavill Gal Gadot Ben Affleck,Fantasy Director,"A dc story about hero and city, combining action sci-fi thriller elements.",DC
250,Dark Legacy 52,Action Adventure Fantasy,hero city justice villain vigilante battle dc,Henry Cavill Gal Gadot Ben Affleck,DC Studios Team,"A dc story about hero and city, combining action adventure fantasy elements.",DC
251,Crimson War 53,Action Crime Drama,hero city justice villain vigilante battle dc,Henry Cavill Gal Gadot Ben Affleck,Comic Action Director,"A dc story about hero and city, combining action crime drama elements.",DC
252,Legend Reckoning 54,Action Sci-Fi Thriller,hero city justice villain vigilante battle dc,Henry Cavill Gal Gadot Ben Affleck,Fantasy Director,"A dc story about hero and city, combining action sci-fi thriller elements.",DC
253,Gotham Rise 55,Action Adventure Fantasy,hero city justice villain vigilante battle dc,Henry Cavill Gal Gadot Ben Affleck,DC Studios Team,"A dc story about hero and city, combining action adventure fantasy elements.",DC
254,Metropolis Shadow 56,Action Crime Drama,hero city justice villain vigilante battle dc,Henry Cavill Gal Gadot Ben Affleck,Comic Action Director,"A dc story about hero and city, combining action crime drama elements.",DC
255,Justice Knight 57,Action Sci-Fi Thriller,hero city justice villain vigilante battle dc,Henry Cavill Gal Gadot Ben Affleck,Fantasy Director,"A dc story about hero and city, combining action sci-fi thriller elements.",DC
256,Dark Alliance 58,Action Adventure Fantasy,hero city justice villain vigilante battle dc,Henry Cavill Gal Gadot Ben Affleck,DC Studios Team,"A dc story about hero and city, combining action adventure fantasy elements.",DC
257,Crimson Dawn 59,Action Crime Drama,hero city justice villain vigilante battle dc,Henry Cavill Gal Gadot Ben Affleck,Comic Action Director,"A dc story about hero and city, combining action crime drama elements.",DC
258,Legend Legacy 60,Action Sci-Fi Thriller,hero city justice villain vigilante battle dc,Henry Cavill Gal Gadot Ben Affleck,Fantasy Director,"A dc story about hero and city, combining action sci-fi thriller elements.",DC
259,Gotham War 61,Action Adventure Fantasy,hero city justice villain vigilante battle dc,Henry Cavill Gal Gadot Ben Affleck,DC Studios Team,"A dc story about hero and city, combining action adventure fantasy elements.",DC
260,Metropolis Reckoning 62,Action Crime Drama,hero city justice villain vigilante battle dc,Henry Cavill Gal Gadot Ben Affleck,Comic Action Director,"A dc story about hero and city, combining action crime drama elements.",DC
261,Justice Rise 63,Action Sci-Fi Thriller,hero city justice villain vigilante battle dc,Henry Cavill Gal Gadot Ben Affleck,Fantasy Director,"A dc story about hero and city, combining action sci-fi thriller elements.",DC
262,Dark Shadow 64,Action Adventure Fantasy,hero city justice villain vigilante battle dc,Henry Cavill Gal Gadot Ben Affleck,DC Studios Team,"A dc story about hero and city, combining action adventure fantasy elements.",DC
263,Crimson Knight 65,Action Crime Drama,hero city justice villain vigilante battle dc,Henry Cavill Gal Gadot Ben Affleck,Comic Action Director,"A dc story about hero and city, combining action crime drama elements.",DC
264,Legend Alliance 66,Action Sci-Fi Thriller,hero city justice villain vigilante battle dc,Henry Cavill Gal Gadot Ben Affleck,Fantasy Director,"A dc story about hero and city, combining action sci-fi thriller elements.",DC
265,Gotham Dawn 67,Action Adventure Fantasy,hero city justice villain vigilante battle dc,Henry Cavill Gal Gadot Ben Affleck,DC Studios Team,"A dc story about hero and city, combining action adventure fantasy elements.",DC
266,Metropolis Legacy 68,Action Crime Drama,hero city justice villain vigilante battle dc,Henry Cavill Gal Gadot Ben Affleck,Comic Action Director,"A dc story about hero and city, combining action crime drama elements.",DC
267,Justice War 69,Action Sci-Fi Thriller,hero city justice villain vigilante battle dc,Henry Cavill Gal Gadot Ben Affleck,Fantasy Director,"A dc story about hero and city, combining action sci-fi thriller elements.",DC
268,Dark Reckoning 70,Action Adventure Fantasy,hero city justice villain vigilante battle dc,Henry Cavill Gal Gadot Ben Affleck,DC Studios Team,"A dc story about hero and city, combining action adventure fantasy elements.",DC
269,Crimson Rise 71,Action Crime Drama,hero city justice villain vigilante battle dc,Henry Cavill Gal Gadot Ben Affleck,Comic Action Director,"A dc story about hero and city, combining action crime drama elements.",DC
270,Legend Shadow 72,Action Sci-Fi Thriller,hero city justice villain vigilante battle dc,Henry Cavill Gal Gadot Ben Affleck,Fantasy Director,"A dc story about hero and city, combining action sci-fi thriller elements.",DC
271,Gotham Knight 73,Action Adventure Fantasy,hero city justice villain vigilante battle dc,Henry Cavill Gal Gadot Ben Affleck,DC Studios Team,"A dc story about hero and city, combining action adventure fantasy elements.",DC
272,Metropolis Alliance 74,Action Crime Drama,hero city justice villain vigilante battle dc,Henry Cavill Gal Gadot Ben Affleck,Comic Action Director,"A dc story about hero and city, combining action crime drama elements.",DC
273,Justice Dawn 75,Action Sci-Fi Thriller,hero city justice villain vigilante battle dc,Henry Cavill Gal Gadot Ben Affleck,Fantasy Director,"A dc story about hero and city, combining action sci-fi thriller elements.",DC
274,Dil Express 1,Drama Romance,family love friendship ambition India music journey bollywood,Ranbir Kapoor Alia Bhatt Shah Rukh Khan,Bollywood Director,"A bollywood story about family and love, combining drama romance elements.",Bollywood
275,Maya Returns 2,Comedy Drama Romance,family love friendship ambition India music journey bollywood,Ranbir Kapoor Alia Bhatt Shah Rukh Khan,Indian Drama Director,"A bollywood story about family and love, combining comedy drama romance elements.",Bollywood
276,Mumbai Ke Rang 3,Action Crime Drama,family love friendship ambition India music journey bollywood,Ranbir Kapoor Alia Bhatt Shah Rukh Khan,Commercial Hindi Film Director,"A bollywood story about family and love, combining action crime drama elements.",Bollywood
277,Rang Ki Dastaan 4,Drama Biography Romance,family love friendship ambition India music journey bollywood,Ranbir Kapoor Alia Bhatt Shah Rukh Khan,Bollywood Director,"A bollywood story about family and love, combining drama biography romance elements.",Bollywood
278,Safar Junction 5,Drama Romance,family love friendship ambition India music journey bollywood,Ranbir Kapoor Alia Bhatt Shah Rukh Khan,Indian Drama Director,"A bollywood story about family and love, combining drama romance elements.",Bollywood
279,Junoon Diaries 6,Comedy Drama Romance,family love friendship ambition India music journey bollywood,Ranbir Kapoor Alia Bhatt Shah Rukh Khan,Commercial Hindi Film Director,"A bollywood story about family and love, combining comedy drama romance elements.",Bollywood
280,Dosti Ka Safar 7,Action Crime Drama,family love friendship ambition India music journey bollywood,Ranbir Kapoor Alia Bhatt Shah Rukh Khan,Bollywood Director,"A bollywood story about family and love, combining action crime drama elements.",Bollywood
281,Pyaar Story 8,Drama Biography Romance,family love friendship ambition India music journey bollywood,Ranbir Kapoor Alia Bhatt Shah Rukh Khan,Indian Drama Director,"A bollywood story about family and love, combining drama biography romance elements.",Bollywood
282,Zindagi Express 9,Drama Romance,family love friendship ambition India music journey bollywood,Ranbir Kapoor Alia Bhatt Shah Rukh Khan,Commercial Hindi Film Director,"A bollywood story about family and love, combining drama romance elements.",Bollywood
283,Kahaani Returns 10,Comedy Drama Romance,family love friendship ambition India music journey bollywood,Ranbir Kapoor Alia Bhatt Shah Rukh Khan,Bollywood Director,"A bollywood story about family and love, combining comedy drama romance elements.",Bollywood
284,Dil Ke Rang 11,Action Crime Drama,family love friendship ambition India music journey bollywood,Ranbir Kapoor Alia Bhatt Shah Rukh Khan,Indian Drama Director,"A bollywood story about family and love, combining action crime drama elements.",Bollywood
285,Maya Ki Dastaan 12,Drama Biography Romance,family love friendship ambition India music journey bollywood,Ranbir Kapoor Alia Bhatt Shah Rukh Khan,Commercial Hindi Film Director,"A bollywood story about family and love, combining drama biography romance elements.",Bollywood
286,Mumbai Junction 13,Drama Romance,family love friendship ambition India music journey bollywood,Ranbir Kapoor Alia Bhatt Shah Rukh Khan,Bollywood Director,"A bollywood story about family and love, combining drama romance elements.",Bollywood
287,Rang Diaries 14,Comedy Drama Romance,family love friendship ambition India music journey bollywood,Ranbir Kapoor Alia Bhatt Shah Rukh Khan,Indian Drama Director,"A bollywood story about family and love, combining comedy drama romance elements.",Bollywood
288,Safar Ka Safar 15,Action Crime Drama,family love friendship ambition India music journey bollywood,Ranbir Kapoor Alia Bhatt Shah Rukh Khan,Commercial Hindi Film Director,"A bollywood story about family and love, combining action crime drama elements.",Bollywood
289,Junoon Story 16,Drama Biography Romance,family love friendship ambition India music journey bollywood,Ranbir Kapoor Alia Bhatt Shah Rukh Khan,Bollywood Director,"A bollywood story about family and love, combining drama biography romance elements.",Bollywood
290,Dosti Express 17,Drama Romance,family love friendship ambition India music journey bollywood,Ranbir Kapoor Alia Bhatt Shah Rukh Khan,Indian Drama Director,"A bollywood story about family and love, combining drama romance elements.",Bollywood
291,Pyaar Returns 18,Comedy Drama Romance,family love friendship ambition India music journey bollywood,Ranbir Kapoor Alia Bhatt Shah Rukh Khan,Commercial Hindi Film Director,"A bollywood story about family and love, combining comedy drama romance elements.",Bollywood
292,Zindagi Ke Rang 19,Action Crime Drama,family love friendship ambition India music journey bollywood,Ranbir Kapoor Alia Bhatt Shah Rukh Khan,Bollywood Director,"A bollywood story about family and love, combining action crime drama elements.",Bollywood
293,Kahaani Ki Dastaan 20,Drama Biography Romance,family love friendship ambition India music journey bollywood,Ranbir Kapoor Alia Bhatt Shah Rukh Khan,Indian Drama Director,"A bollywood story about family and love, combining drama biography romance elements.",Bollywood
294,Dil Junction 21,Drama Romance,family love friendship ambition India music journey bollywood,Ranbir Kapoor Alia Bhatt Shah Rukh Khan,Commercial Hindi Film Director,"A bollywood story about family and love, combining drama romance elements.",Bollywood
295,Maya Diaries 22,Comedy Drama Romance,family love friendship ambition India music journey bollywood,Ranbir Kapoor Alia Bhatt Shah Rukh Khan,Bollywood Director,"A bollywood story about family and love, combining comedy drama romance elements.",Bollywood
296,Mumbai Ka Safar 23,Action Crime Drama,family love friendship ambition India music journey bollywood,Ranbir Kapoor Alia Bhatt Shah Rukh Khan,Indian Drama Director,"A bollywood story about family and love, combining action crime drama elements.",Bollywood
297,Rang Story 24,Drama Biography Romance,family love friendship ambition India music journey bollywood,Ranbir Kapoor Alia Bhatt Shah Rukh Khan,Commercial Hindi Film Director,"A bollywood story about family and love, combining drama biography romance elements.",Bollywood
298,Safar Express 25,Drama Romance,family love friendship ambition India music journey bollywood,Ranbir Kapoor Alia Bhatt Shah Rukh Khan,Bollywood Director,"A bollywood story about family and love, combining drama romance elements.",Bollywood
299,Junoon Returns 26,Comedy Drama Romance,family love friendship ambition India music journey bollywood,Ranbir Kapoor Alia Bhatt Shah Rukh Khan,Indian Drama Director,"A bollywood story about family and love, combining comedy drama romance elements.",Bollywood
300,Dosti Ke Rang 27,Action Crime Drama,family love friendship ambition India music journey bollywood,Ranbir Kapoor Alia Bhatt Shah Rukh Khan,Commercial Hindi Film Director,"A bollywood story about family and love, combining action crime drama elements.",Bollywood
301,Pyaar Ki Dastaan 28,Drama Biography Romance,family love friendship ambition India music journey bollywood,Ranbir Kapoor Alia Bhatt Shah Rukh Khan,Bollywood Director,"A bollywood story about family and love, combining drama biography romance elements.",Bollywood
302,Zindagi Junction 29,Drama Romance,family love friendship ambition India music journey bollywood,Ranbir Kapoor Alia Bhatt Shah Rukh Khan,Indian Drama Director,"A bollywood story about family and love, combining drama romance elements.",Bollywood
303,Kahaani Diaries 30,Comedy Drama Romance,family love friendship ambition India music journey bollywood,Ranbir Kapoor Alia Bhatt Shah Rukh Khan,Commercial Hindi Film Director,"A bollywood story about family and love, combining comedy drama romance elements.",Bollywood
304,Dil Ka Safar 31,Action Crime Drama,family love friendship ambition India music journey bollywood,Ranbir Kapoor Alia Bhatt Shah Rukh Khan,Bollywood Director,"A bollywood story about family and love, combining action crime drama elements.",Bollywood
305,Maya Story 32,Drama Biography Romance,family love friendship ambition India music journey bollywood,Ranbir Kapoor Alia Bhatt Shah Rukh Khan,Indian Drama Director,"A bollywood story about family and love, combining drama biography romance elements.",Bollywood
306,Mumbai Express 33,Drama Romance,family love friendship ambition India music journey bollywood,Ranbir Kapoor Alia Bhatt Shah Rukh Khan,Commercial Hindi Film Director,"A bollywood story about family and love, combining drama romance elements.",Bollywood
307,Rang Returns 34,Comedy Drama Romance,family love friendship ambition India music journey bollywood,Ranbir Kapoor Alia Bhatt Shah Rukh Khan,Bollywood Director,"A bollywood story about family and love, combining comedy drama romance elements.",Bollywood
308,Safar Ke Rang 35,Action Crime Drama,family love friendship ambition India music journey bollywood,Ranbir Kapoor Alia Bhatt Shah Rukh Khan,Indian Drama Director,"A bollywood story about family and love, combining action crime drama elements.",Bollywood
309,Junoon Ki Dastaan 36,Drama Biography Romance,family love friendship ambition India music journey bollywood,Ranbir Kapoor Alia Bhatt Shah Rukh Khan,Commercial Hindi Film Director,"A bollywood story about family and love, combining drama biography romance elements.",Bollywood
310,Dosti Junction 37,Drama Romance,family love friendship ambition India music journey bollywood,Ranbir Kapoor Alia Bhatt Shah Rukh Khan,Bollywood Director,"A bollywood story about family and love, combining drama romance elements.",Bollywood
311,Pyaar Diaries 38,Comedy Drama Romance,family love friendship ambition India music journey bollywood,Ranbir Kapoor Alia Bhatt Shah Rukh Khan,Indian Drama Director,"A bollywood story about family and love, combining comedy drama romance elements.",Bollywood
312,Zindagi Ka Safar 39,Action Crime Drama,family love friendship ambition India music journey bollywood,Ranbir Kapoor Alia Bhatt Shah Rukh Khan,Commercial Hindi Film Director,"A bollywood story about family and love, combining action crime drama elements.",Bollywood
313,Kahaani Story 40,Drama Biography Romance,family love friendship ambition India music journey bollywood,Ranbir Kapoor Alia Bhatt Shah Rukh Khan,Bollywood Director,"A bollywood story about family and love, combining drama biography romance elements.",Bollywood
314,Dil Express 41,Drama Romance,family love friendship ambition India music journey bollywood,Ranbir Kapoor Alia Bhatt Shah Rukh Khan,Indian Drama Director,"A bollywood story about family and love, combining drama romance elements.",Bollywood
315,Maya Returns 42,Comedy Drama Romance,family love friendship ambition India music journey bollywood,Ranbir Kapoor Alia Bhatt Shah Rukh Khan,Commercial Hindi Film Director,"A bollywood story about family and love, combining comedy drama romance elements.",Bollywood
316,Mumbai Ke Rang 43,Action Crime Drama,family love friendship ambition India music journey bollywood,Ranbir Kapoor Alia Bhatt Shah Rukh Khan,Bollywood Director,"A bollywood story about family and love, combining action crime drama elements.",Bollywood
317,Rang Ki Dastaan 44,Drama Biography Romance,family love friendship ambition India music journey bollywood,Ranbir Kapoor Alia Bhatt Shah Rukh Khan,Indian Drama Director,"A bollywood story about family and love, combining drama biography romance elements.",Bollywood
318,Safar Junction 45,Drama Romance,family love friendship ambition India music journey bollywood,Ranbir Kapoor Alia Bhatt Shah Rukh Khan,Commercial Hindi Film Director,"A bollywood story about family and love, combining drama romance elements.",Bollywood
319,Junoon Diaries 46,Comedy Drama Romance,family love friendship ambition India music journey bollywood,Ranbir Kapoor Alia Bhatt Shah Rukh Khan,Bollywood Director,"A bollywood story about family and love, combining comedy drama romance elements.",Bollywood
320,Dosti Ka Safar 47,Action Crime Drama,family love friendship ambition India music journey bollywood,Ranbir Kapoor Alia Bhatt Shah Rukh Khan,Indian Drama Director,"A bollywood story about family and love, combining action crime drama elements.",Bollywood
321,Pyaar Story 48,Drama Biography Romance,family love friendship ambition India music journey bollywood,Ranbir Kapoor Alia Bhatt Shah Rukh Khan,Commercial Hindi Film Director,"A bollywood story about family and love, combining drama biography romance elements.",Bollywood
322,Zindagi Express 49,Drama Romance,family love friendship ambition India music journey bollywood,Ranbir Kapoor Alia Bhatt Shah Rukh Khan,Bollywood Director,"A bollywood story about family and love, combining drama romance elements.",Bollywood
323,Kahaani Returns 50,Comedy Drama Romance,family love friendship ambition India music journey bollywood,Ranbir Kapoor Alia Bhatt Shah Rukh Khan,Indian Drama Director,"A bollywood story about family and love, combining comedy drama romance elements.",Bollywood
324,Dil Ke Rang 51,Action Crime Drama,family love friendship ambition India music journey bollywood,Ranbir Kapoor Alia Bhatt Shah Rukh Khan,Commercial Hindi Film Director,"A bollywood story about family and love, combining action crime drama elements.",Bollywood
325,Maya Ki Dastaan 52,Drama Biography Romance,family love friendship ambition India music journey bollywood,Ranbir Kapoor Alia Bhatt Shah Rukh Khan,Bollywood Director,"A bollywood story about family and love, combining drama biography romance elements.",Bollywood
326,Mumbai Junction 53,Drama Romance,family love friendship ambition India music journey bollywood,Ranbir Kapoor Alia Bhatt Shah Rukh Khan,Indian Drama Director,"A bollywood story about family and love, combining drama romance elements.",Bollywood
327,Rang Diaries 54,Comedy Drama Romance,family love friendship ambition India music journey bollywood,Ranbir Kapoor Alia Bhatt Shah Rukh Khan,Commercial Hindi Film Director,"A bollywood story about family and love, combining comedy drama romance elements.",Bollywood
328,Safar Ka Safar 55,Action Crime Drama,family love friendship ambition India music journey bollywood,Ranbir Kapoor Alia Bhatt Shah Rukh Khan,Bollywood Director,"A bollywood story about family and love, combining action crime drama elements.",Bollywood
329,Junoon Story 56,Drama Biography Romance,family love friendship ambition India music journey bollywood,Ranbir Kapoor Alia Bhatt Shah Rukh Khan,Indian Drama Director,"A bollywood story about family and love, combining drama biography romance elements.",Bollywood
330,Dosti Express 57,Drama Romance,family love friendship ambition India music journey bollywood,Ranbir Kapoor Alia Bhatt Shah Rukh Khan,Commercial Hindi Film Director,"A bollywood story about family and love, combining drama romance elements.",Bollywood
331,Pyaar Returns 58,Comedy Drama Romance,family love friendship ambition India music journey bollywood,Ranbir Kapoor Alia Bhatt Shah Rukh Khan,Bollywood Director,"A bollywood story about family and love, combining comedy drama romance elements.",Bollywood
332,Zindagi Ke Rang 59,Action Crime Drama,family love friendship ambition India music journey bollywood,Ranbir Kapoor Alia Bhatt Shah Rukh Khan,Indian Drama Director,"A bollywood story about family and love, combining action crime drama elements.",Bollywood
333,Kahaani Ki Dastaan 60,Drama Biography Romance,family love friendship ambition India music journey bollywood,Ranbir Kapoor Alia Bhatt Shah Rukh Khan,Commercial Hindi Film Director,"A bollywood story about family and love, combining drama biography romance elements.",Bollywood
334,Dil Junction 61,Drama Romance,family love friendship ambition India music journey bollywood,Ranbir Kapoor Alia Bhatt Shah Rukh Khan,Bollywood Director,"A bollywood story about family and love, combining drama romance elements.",Bollywood
335,Maya Diaries 62,Comedy Drama Romance,family love friendship ambition India music journey bollywood,Ranbir Kapoor Alia Bhatt Shah Rukh Khan,Indian Drama Director,"A bollywood story about family and love, combining comedy drama romance elements.",Bollywood
336,Mumbai Ka Safar 63,Action Crime Drama,family love friendship ambition India music journey bollywood,Ranbir Kapoor Alia Bhatt Shah Rukh Khan,Commercial Hindi Film Director,"A bollywood story about family and love, combining action crime drama elements.",Bollywood
337,Rang Story 64,Drama Biography Romance,family love friendship ambition India music journey bollywood,Ranbir Kapoor Alia Bhatt Shah Rukh Khan,Bollywood Director,"A bollywood story about family and love, combining drama biography romance elements.",Bollywood
338,Safar Express 65,Drama Romance,family love friendship ambition India music journey bollywood,Ranbir Kapoor Alia Bhatt Shah Rukh Khan,Indian Drama Director,"A bollywood story about family and love, combining drama romance elements.",Bollywood
339,Junoon Returns 66,Comedy Drama Romance,family love friendship ambition India music journey bollywood,Ranbir Kapoor Alia Bhatt Shah Rukh Khan,Commercial Hindi Film Director,"A bollywood story about family and love, combining comedy drama romance elements.",Bollywood
340,Dosti Ke Rang 67,Action Crime Drama,family love friendship ambition India music journey bollywood,Ranbir Kapoor Alia Bhatt Shah Rukh Khan,Bollywood Director,"A bollywood story about family and love, combining action crime drama elements.",Bollywood
341,Pyaar Ki Dastaan 68,Drama Biography Romance,family love friendship ambition India music journey bollywood,Ranbir Kapoor Alia Bhatt Shah Rukh Khan,Indian Drama Director,"A bollywood story about family and love, combining drama biography romance elements.",Bollywood
342,Zindagi Junction 69,Drama Romance,family love friendship ambition India music journey bollywood,Ranbir Kapoor Alia Bhatt Shah Rukh Khan,Commercial Hindi Film Director,"A bollywood story about family and love, combining drama romance elements.",Bollywood
343,Kahaani Diaries 70,Comedy Drama Romance,family love friendship ambition India music journey bollywood,Ranbir Kapoor Alia Bhatt Shah Rukh Khan,Bollywood Director,"A bollywood story about family and love, combining comedy drama romance elements.",Bollywood
344,Dil Ka Safar 71,Action Crime Drama,family love friendship ambition India music journey bollywood,Ranbir Kapoor Alia Bhatt Shah Rukh Khan,Indian Drama Director,"A bollywood story about family and love, combining action crime drama elements.",Bollywood
345,Maya Story 72,Drama Biography Romance,family love friendship ambition India music journey bollywood,Ranbir Kapoor Alia Bhatt Shah Rukh Khan,Commercial Hindi Film Director,"A bollywood story about family and love, combining drama biography romance elements.",Bollywood
346,Mumbai Express 73,Drama Romance,family love friendship ambition India music journey bollywood,Ranbir Kapoor Alia Bhatt Shah Rukh Khan,Bollywood Director,"A bollywood story about family and love, combining drama romance elements.",Bollywood
347,Rang Returns 74,Comedy Drama Romance,family love friendship ambition India music journey bollywood,Ranbir Kapoor Alia Bhatt Shah Rukh Khan,Indian Drama Director,"A bollywood story about family and love, combining comedy drama romance elements.",Bollywood
348,Safar Ke Rang 75,Action Crime Drama,family love friendship ambition India music journey bollywood,Ranbir Kapoor Alia Bhatt Shah Rukh Khan,Commercial Hindi Film Director,"A bollywood story about family and love, combining action crime drama elements.",Bollywood
349,The Last Mission 1,Action Thriller,mystery journey friendship danger future survival family hollywood,Tom Hanks Emma Stone Chris Pratt,Hollywood Director,"A hollywood story about mystery and journey, combining action thriller elements.",Hollywood
350,Hidden Code 2,Adventure Drama,mystery journey friendship danger future survival family hollywood,Tom Hanks Emma Stone Chris Pratt,Adventure Film Director,"A hollywood story about mystery and journey, combining adventure drama elements.",Hollywood
351,Beyond Frontier 3,Mystery Thriller Drama,mystery journey friendship danger future survival family hollywood,Tom Hanks Emma Stone Chris Pratt,Drama Film Director,"A hollywood story about mystery and journey, combining mystery thriller drama elements.",Hollywood
352,Midnight Signal 4,Comedy Drama Romance,mystery journey friendship danger future survival family hollywood,Tom Hanks Emma Stone Chris Pratt,Hollywood Director,"A hollywood story about mystery and journey, combining comedy drama romance elements.",Hollywood
353,Final Journey 5,Sci-Fi Adventure Drama,mystery journey friendship danger future survival family hollywood,Tom Hanks Emma Stone Chris Pratt,Adventure Film Director,"A hollywood story about mystery and journey, combining sci-fi adventure drama elements.",Hollywood
354,Lost Secret 6,Action Thriller,mystery journey friendship danger future survival family hollywood,Tom Hanks Emma Stone Chris Pratt,Drama Film Director,"A hollywood story about mystery and journey, combining action thriller elements.",Hollywood
355,Silent Storm 7,Adventure Drama,mystery journey friendship danger future survival family hollywood,Tom Hanks Emma Stone Chris Pratt,Hollywood Director,"A hollywood story about mystery and journey, combining adventure drama elements.",Hollywood
356,Golden Escape 8,Mystery Thriller Drama,mystery journey friendship danger future survival family hollywood,Tom Hanks Emma Stone Chris Pratt,Adventure Film Director,"A hollywood story about mystery and journey, combining mystery thriller drama elements.",Hollywood
357,Broken Dream 9,Comedy Drama Romance,mystery journey friendship danger future survival family hollywood,Tom Hanks Emma Stone Chris Pratt,Drama Film Director,"A hollywood story about mystery and journey, combining comedy drama romance elements.",Hollywood
358,Edge Truth 10,Sci-Fi Adventure Drama,mystery journey friendship danger future survival family hollywood,Tom Hanks Emma Stone Chris Pratt,Hollywood Director,"A hollywood story about mystery and journey, combining sci-fi adventure drama elements.",Hollywood
359,The Last Mission 11,Action Thriller,mystery journey friendship danger future survival family hollywood,Tom Hanks Emma Stone Chris Pratt,Adventure Film Director,"A hollywood story about mystery and journey, combining action thriller elements.",Hollywood
360,Hidden Code 12,Adventure Drama,mystery journey friendship danger future survival family hollywood,Tom Hanks Emma Stone Chris Pratt,Drama Film Director,"A hollywood story about mystery and journey, combining adventure drama elements.",Hollywood
361,Beyond Frontier 13,Mystery Thriller Drama,mystery journey friendship danger future survival family hollywood,Tom Hanks Emma Stone Chris Pratt,Hollywood Director,"A hollywood story about mystery and journey, combining mystery thriller drama elements.",Hollywood
362,Midnight Signal 14,Comedy Drama Romance,mystery journey friendship danger future survival family hollywood,Tom Hanks Emma Stone Chris Pratt,Adventure Film Director,"A hollywood story about mystery and journey, combining comedy drama romance elements.",Hollywood
363,Final Journey 15,Sci-Fi Adventure Drama,mystery journey friendship danger future survival family hollywood,Tom Hanks Emma Stone Chris Pratt,Drama Film Director,"A hollywood story about mystery and journey, combining sci-fi adventure drama elements.",Hollywood
364,Lost Secret 16,Action Thriller,mystery journey friendship danger future survival family hollywood,Tom Hanks Emma Stone Chris Pratt,Hollywood Director,"A hollywood story about mystery and journey, combining action thriller elements.",Hollywood
365,Silent Storm 17,Adventure Drama,mystery journey friendship danger future survival family hollywood,Tom Hanks Emma Stone Chris Pratt,Adventure Film Director,"A hollywood story about mystery and journey, combining adventure drama elements.",Hollywood
366,Golden Escape 18,Mystery Thriller Drama,mystery journey friendship danger future survival family hollywood,Tom Hanks Emma Stone Chris Pratt,Drama Film Director,"A hollywood story about mystery and journey, combining mystery thriller drama elements.",Hollywood
367,Broken Dream 19,Comedy Drama Romance,mystery journey friendship danger future survival family hollywood,Tom Hanks Emma Stone Chris Pratt,Hollywood Director,"A hollywood story about mystery and journey, combining comedy drama romance elements.",Hollywood
368,Edge Truth 20,Sci-Fi Adventure Drama,mystery journey friendship danger future survival family hollywood,Tom Hanks Emma Stone Chris Pratt,Adventure Film Director,"A hollywood story about mystery and journey, combining sci-fi adventure drama elements.",Hollywood
369,The Last Mission 21,Action Thriller,mystery journey friendship danger future survival family hollywood,Tom Hanks Emma Stone Chris Pratt,Drama Film Director,"A hollywood story about mystery and journey, combining action thriller elements.",Hollywood
370,Hidden Code 22,Adventure Drama,mystery journey friendship danger future survival family hollywood,Tom Hanks Emma Stone Chris Pratt,Hollywood Director,"A hollywood story about mystery and journey, combining adventure drama elements.",Hollywood
371,Beyond Frontier 23,Mystery Thriller Drama,mystery journey friendship danger future survival family hollywood,Tom Hanks Emma Stone Chris Pratt,Adventure Film Director,"A hollywood story about mystery and journey, combining mystery thriller drama elements.",Hollywood
372,Midnight Signal 24,Comedy Drama Romance,mystery journey friendship danger future survival family hollywood,Tom Hanks Emma Stone Chris Pratt,Drama Film Director,"A hollywood story about mystery and journey, combining comedy drama romance elements.",Hollywood
373,Final Journey 25,Sci-Fi Adventure Drama,mystery journey friendship danger future survival family hollywood,Tom Hanks Emma Stone Chris Pratt,Hollywood Director,"A hollywood story about mystery and journey, combining sci-fi adventure drama elements.",Hollywood
374,Lost Secret 26,Action Thriller,mystery journey friendship danger future survival family hollywood,Tom Hanks Emma Stone Chris Pratt,Adventure Film Director,"A hollywood story about mystery and journey, combining action thriller elements.",Hollywood
375,Silent Storm 27,Adventure Drama,mystery journey friendship danger future survival family hollywood,Tom Hanks Emma Stone Chris Pratt,Drama Film Director,"A hollywood story about mystery and journey, combining adventure drama elements.",Hollywood
376,Golden Escape 28,Mystery Thriller Drama,mystery journey friendship danger future survival family hollywood,Tom Hanks Emma Stone Chris Pratt,Hollywood Director,"A hollywood story about mystery and journey, combining mystery thriller drama elements.",Hollywood
377,Broken Dream 29,Comedy Drama Romance,mystery journey friendship danger future survival family hollywood,Tom Hanks Emma Stone Chris Pratt,Adventure Film Director,"A hollywood story about mystery and journey, combining comedy drama romance elements.",Hollywood
378,Edge Truth 30,Sci-Fi Adventure Drama,mystery journey friendship danger future survival family hollywood,Tom Hanks Emma Stone Chris Pratt,Drama Film Director,"A hollywood story about mystery and journey, combining sci-fi adventure drama elements.",Hollywood
379,The Last Mission 31,Action Thriller,mystery journey friendship danger future survival family hollywood,Tom Hanks Emma Stone Chris Pratt,Hollywood Director,"A hollywood story about mystery and journey, combining action thriller elements.",Hollywood
380,Hidden Code 32,Adventure Drama,mystery journey friendship danger future survival family hollywood,Tom Hanks Emma Stone Chris Pratt,Adventure Film Director,"A hollywood story about mystery and journey, combining adventure drama elements.",Hollywood
381,Beyond Frontier 33,Mystery Thriller Drama,mystery journey friendship danger future survival family hollywood,Tom Hanks Emma Stone Chris Pratt,Drama Film Director,"A hollywood story about mystery and journey, combining mystery thriller drama elements.",Hollywood
382,Midnight Signal 34,Comedy Drama Romance,mystery journey friendship danger future survival family hollywood,Tom Hanks Emma Stone Chris Pratt,Hollywood Director,"A hollywood story about mystery and journey, combining comedy drama romance elements.",Hollywood
383,Final Journey 35,Sci-Fi Adventure Drama,mystery journey friendship danger future survival family hollywood,Tom Hanks Emma Stone Chris Pratt,Adventure Film Director,"A hollywood story about mystery and journey, combining sci-fi adventure drama elements.",Hollywood
384,Lost Secret 36,Action Thriller,mystery journey friendship danger future survival family hollywood,Tom Hanks Emma Stone Chris Pratt,Drama Film Director,"A hollywood story about mystery and journey, combining action thriller elements.",Hollywood
385,Silent Storm 37,Adventure Drama,mystery journey friendship danger future survival family hollywood,Tom Hanks Emma Stone Chris Pratt,Hollywood Director,"A hollywood story about mystery and journey, combining adventure drama elements.",Hollywood
386,Golden Escape 38,Mystery Thriller Drama,mystery journey friendship danger future survival family hollywood,Tom Hanks Emma Stone Chris Pratt,Adventure Film Director,"A hollywood story about mystery and journey, combining mystery thriller drama elements.",Hollywood
387,Broken Dream 39,Comedy Drama Romance,mystery journey friendship danger future survival family hollywood,Tom Hanks Emma Stone Chris Pratt,Drama Film Director,"A hollywood story about mystery and journey, combining comedy drama romance elements.",Hollywood
388,Edge Truth 40,Sci-Fi Adventure Drama,mystery journey friendship danger future survival family hollywood,Tom Hanks Emma Stone Chris Pratt,Hollywood Director,"A hollywood story about mystery and journey, combining sci-fi adventure drama elements.",Hollywood
389,The Last Mission 41,Action Thriller,mystery journey friendship danger future survival family hollywood,Tom Hanks Emma Stone Chris Pratt,Adventure Film Director,"A hollywood story about mystery and journey, combining action thriller elements.",Hollywood
390,Hidden Code 42,Adventure Drama,mystery journey friendship danger future survival family hollywood,Tom Hanks Emma Stone Chris Pratt,Drama Film Director,"A hollywood story about mystery and journey, combining adventure drama elements.",Hollywood
391,Beyond Frontier 43,Mystery Thriller Drama,mystery journey friendship danger future survival family hollywood,Tom Hanks Emma Stone Chris Pratt,Hollywood Director,"A hollywood story about mystery and journey, combining mystery thriller drama elements.",Hollywood
392,Midnight Signal 44,Comedy Drama Romance,mystery journey friendship danger future survival family hollywood,Tom Hanks Emma Stone Chris Pratt,Adventure Film Director,"A hollywood story about mystery and journey, combining comedy drama romance elements.",Hollywood
393,Final Journey 45,Sci-Fi Adventure Drama,mystery journey friendship danger future survival family hollywood,Tom Hanks Emma Stone Chris Pratt,Drama Film Director,"A hollywood story about mystery and journey, combining sci-fi adventure drama elements.",Hollywood
394,Lost Secret 46,Action Thriller,mystery journey friendship danger future survival family hollywood,Tom Hanks Emma Stone Chris Pratt,Hollywood Director,"A hollywood story about mystery and journey, combining action thriller elements.",Hollywood
395,Silent Storm 47,Adventure Drama,mystery journey friendship danger future survival family hollywood,Tom Hanks Emma Stone Chris Pratt,Adventure Film Director,"A hollywood story about mystery and journey, combining adventure drama elements.",Hollywood
396,Golden Escape 48,Mystery Thriller Drama,mystery journey friendship danger future survival family hollywood,Tom Hanks Emma Stone Chris Pratt,Drama Film Director,"A hollywood story about mystery and journey, combining mystery thriller drama elements.",Hollywood
397,Broken Dream 49,Comedy Drama Romance,mystery journey friendship danger future survival family hollywood,Tom Hanks Emma Stone Chris Pratt,Hollywood Director,"A hollywood story about mystery and journey, combining comedy drama romance elements.",Hollywood
398,Edge Truth 50,Sci-Fi Adventure Drama,mystery journey friendship danger future survival family hollywood,Tom Hanks Emma Stone Chris Pratt,Adventure Film Director,"A hollywood story about mystery and journey, combining sci-fi adventure drama elements.",Hollywood
399,The Last Mission 51,Action Thriller,mystery journey friendship danger future survival family hollywood,Tom Hanks Emma Stone Chris Pratt,Drama Film Director,"A hollywood story about mystery and journey, combining action thriller elements.",Hollywood
400,Hidden Code 52,Adventure Drama,mystery journey friendship danger future survival family hollywood,Tom Hanks Emma Stone Chris Pratt,Hollywood Director,"A hollywood story about mystery and journey, combining adventure drama elements.",Hollywood
401,Beyond Frontier 53,Mystery Thriller Drama,mystery journey friendship danger future survival family hollywood,Tom Hanks Emma Stone Chris Pratt,Adventure Film Director,"A hollywood story about mystery and journey, combining mystery thriller drama elements.",Hollywood
402,Midnight Signal 54,Comedy Drama Romance,mystery journey friendship danger future survival family hollywood,Tom Hanks Emma Stone Chris Pratt,Drama Film Director,"A hollywood story about mystery and journey, combining comedy drama romance elements.",Hollywood
403,Final Journey 55,Sci-Fi Adventure Drama,mystery journey friendship danger future survival family hollywood,Tom Hanks Emma Stone Chris Pratt,Hollywood Director,"A hollywood story about mystery and journey, combining sci-fi adventure drama elements.",Hollywood
404,Lost Secret 56,Action Thriller,mystery journey friendship danger future survival family hollywood,Tom Hanks Emma Stone Chris Pratt,Adventure Film Director,"A hollywood story about mystery and journey, combining action thriller elements.",Hollywood
405,Silent Storm 57,Adventure Drama,mystery journey friendship danger future survival family hollywood,Tom Hanks Emma Stone Chris Pratt,Drama Film Director,"A hollywood story about mystery and journey, combining adventure drama elements.",Hollywood
406,Golden Escape 58,Mystery Thriller Drama,mystery journey friendship danger future survival family hollywood,Tom Hanks Emma Stone Chris Pratt,Hollywood Director,"A hollywood story about mystery and journey, combining mystery thriller drama elements.",Hollywood
407,Broken Dream 59,Comedy Drama Romance,mystery journey friendship danger future survival family hollywood,Tom Hanks Emma Stone Chris Pratt,Adventure Film Director,"A hollywood story about mystery and journey, combining comedy drama romance elements.",Hollywood
408,Edge Truth 60,Sci-Fi Adventure Drama,mystery journey friendship danger future survival family hollywood,Tom Hanks Emma Stone Chris Pratt,Drama Film Director,"A hollywood story about mystery and journey, combining sci-fi adventure drama elements.",Hollywood
409,The Last Mission 61,Action Thriller,mystery journey friendship danger future survival family hollywood,Tom Hanks Emma Stone Chris Pratt,Hollywood Director,"A hollywood story about mystery and journey, combining action thriller elements.",Hollywood
410,Hidden Code 62,Adventure Drama,mystery journey friendship danger future survival family hollywood,Tom Hanks Emma Stone Chris Pratt,Adventure Film Director,"A hollywood story about mystery and journey, combining adventure drama elements.",Hollywood
411,Beyond Frontier 63,Mystery Thriller Drama,mystery journey friendship danger future survival family hollywood,Tom Hanks Emma Stone Chris Pratt,Drama Film Director,"A hollywood story about mystery and journey, combining mystery thriller drama elements.",Hollywood
412,Midnight Signal 64,Comedy Drama Romance,mystery journey friendship danger future survival family hollywood,Tom Hanks Emma Stone Chris Pratt,Hollywood Director,"A hollywood story about mystery and journey, combining comedy drama romance elements.",Hollywood
413,Final Journey 65,Sci-Fi Adventure Drama,mystery journey friendship danger future survival family hollywood,Tom Hanks Emma Stone Chris Pratt,Adventure Film Director,"A hollywood story about mystery and journey, combining sci-fi adventure drama elements.",Hollywood
414,Lost Secret 66,Action Thriller,mystery journey friendship danger future survival family hollywood,Tom Hanks Emma Stone Chris Pratt,Drama Film Director,"A hollywood story about mystery and journey, combining action thriller elements.",Hollywood
415,Silent Storm 67,Adventure Drama,mystery journey friendship danger future survival family hollywood,Tom Hanks Emma Stone Chris Pratt,Hollywood Director,"A hollywood story about mystery and journey, combining adventure drama elements.",Hollywood
416,Golden Escape 68,Mystery Thriller Drama,mystery journey friendship danger future survival family hollywood,Tom Hanks Emma Stone Chris Pratt,Adventure Film Director,"A hollywood story about mystery and journey, combining mystery thriller drama elements.",Hollywood
417,Broken Dream 69,Comedy Drama Romance,mystery journey friendship danger future survival family hollywood,Tom Hanks Emma Stone Chris Pratt,Drama Film Director,"A hollywood story about mystery and journey, combining comedy drama romance elements.",Hollywood
418,Edge Truth 70,Sci-Fi Adventure Drama,mystery journey friendship danger future survival family hollywood,Tom Hanks Emma Stone Chris Pratt,Hollywood Director,"A hollywood story about mystery and journey, combining sci-fi adventure drama elements.",Hollywood
419,The Last Mission 71,Action Thriller,mystery journey friendship danger future survival family hollywood,Tom Hanks Emma Stone Chris Pratt,Adventure Film Director,"A hollywood story about mystery and journey, combining action thriller elements.",Hollywood
420,Hidden Code 72,Adventure Drama,mystery journey friendship danger future survival family hollywood,Tom Hanks Emma Stone Chris Pratt,Drama Film Director,"A hollywood story about mystery and journey, combining adventure drama elements.",Hollywood
421,Beyond Frontier 73,Mystery Thriller Drama,mystery journey friendship danger future survival family hollywood,Tom Hanks Emma Stone Chris Pratt,Hollywood Director,"A hollywood story about mystery and journey, combining mystery thriller drama elements.",Hollywood
422,Midnight Signal 74,Comedy Drama Romance,mystery journey friendship danger future survival family hollywood,Tom Hanks Emma Stone Chris Pratt,Adventure Film Director,"A hollywood story about mystery and journey, combining comedy drama romance elements.",Hollywood
423,Final Journey 75,Sci-Fi Adventure Drama,mystery journey friendship danger future survival family hollywood,Tom Hanks Emma Stone Chris Pratt,Drama Film Director,"A hollywood story about mystery and journey, combining sci-fi adventure drama elements.",Hollywood
424,Lost Secret 76,Action Thriller,mystery journey friendship danger future survival family hollywood,Tom Hanks Emma Stone Chris Pratt,Hollywood Director,"A hollywood story about mystery and journey, combining action thriller elements.",Hollywood
425,Little World 1,Animation Adventure Fantasy,friendship family adventure childhood magic animals journey animation,Animated Ensemble Voice Cast A Voice Cast B,Animation Director,"A animation story about friendship and family, combining animation adventure fantasy elements.",Animation
426,Magic Adventure 2,Animation Comedy Adventure,friendship family adventure childhood magic animals journey animation,Animated Ensemble Voice Cast A Voice Cast B,Family Animation Director,"A animation story about friendship and family, combining animation comedy adventure elements.",Animation
427,Sky Friends 3,Animation Adventure Drama,friendship family adventure childhood magic animals journey animation,Animated Ensemble Voice Cast A Voice Cast B,Animated Film Team,"A animation story about friendship and family, combining animation adventure drama elements.",Animation
428,Ocean Kingdom 4,Animation Adventure Fantasy,friendship family adventure childhood magic animals journey animation,Animated Ensemble Voice Cast A Voice Cast B,Animation Director,"A animation story about friendship and family, combining animation adventure fantasy elements.",Animation
429,Forest Journey 5,Animation Comedy Adventure,friendship family adventure childhood magic animals journey animation,Animated Ensemble Voice Cast A Voice Cast B,Family Animation Director,"A animation story about friendship and family, combining animation comedy adventure elements.",Animation
430,Dream Story 6,Animation Adventure Drama,friendship family adventure childhood magic animals journey animation,Animated Ensemble Voice Cast A Voice Cast B,Animated Film Team,"A animation story about friendship and family, combining animation adventure drama elements.",Animation
431,Star Quest 7,Animation Adventure Fantasy,friendship family adventure childhood magic animals journey animation,Animated Ensemble Voice Cast A Voice Cast B,Animation Director,"A animation story about friendship and family, combining animation adventure fantasy elements.",Animation
432,Tiny Dream 8,Animation Comedy Adventure,friendship family adventure childhood magic animals journey animation,Animated Ensemble Voice Cast A Voice Cast B,Family Animation Director,"A animation story about friendship and family, combining animation comedy adventure elements.",Animation
433,Brave Island 9,Animation Adventure Drama,friendship family adventure childhood magic animals journey animation,Animated Ensemble Voice Cast A Voice Cast B,Animated Film Team,"A animation story about friendship and family, combining animation adventure drama elements.",Animation
434,Wonder Hearts 10,Animation Adventure Fantasy,friendship family adventure childhood magic animals journey animation,Animated Ensemble Voice Cast A Voice Cast B,Animation Director,"A animation story about friendship and family, combining animation adventure fantasy elements.",Animation
435,Little World 11,Animation Comedy Adventure,friendship family adventure childhood magic animals journey animation,Animated Ensemble Voice Cast A Voice Cast B,Family Animation Director,"A animation story about friendship and family, combining animation comedy adventure elements.",Animation
436,Magic Adventure 12,Animation Adventure Drama,friendship family adventure childhood magic animals journey animation,Animated Ensemble Voice Cast A Voice Cast B,Animated Film Team,"A animation story about friendship and family, combining animation adventure drama elements.",Animation
437,Sky Friends 13,Animation Adventure Fantasy,friendship family adventure childhood magic animals journey animation,Animated Ensemble Voice Cast A Voice Cast B,Animation Director,"A animation story about friendship and family, combining animation adventure fantasy elements.",Animation
438,Ocean Kingdom 14,Animation Comedy Adventure,friendship family adventure childhood magic animals journey animation,Animated Ensemble Voice Cast A Voice Cast B,Family Animation Director,"A animation story about friendship and family, combining animation comedy adventure elements.",Animation
439,Forest Journey 15,Animation Adventure Drama,friendship family adventure childhood magic animals journey animation,Animated Ensemble Voice Cast A Voice Cast B,Animated Film Team,"A animation story about friendship and family, combining animation adventure drama elements.",Animation
440,Dream Story 16,Animation Adventure Fantasy,friendship family adventure childhood magic animals journey animation,Animated Ensemble Voice Cast A Voice Cast B,Animation Director,"A animation story about friendship and family, combining animation adventure fantasy elements.",Animation
441,Star Quest 17,Animation Comedy Adventure,friendship family adventure childhood magic animals journey animation,Animated Ensemble Voice Cast A Voice Cast B,Family Animation Director,"A animation story about friendship and family, combining animation comedy adventure elements.",Animation
442,Tiny Dream 18,Animation Adventure Drama,friendship family adventure childhood magic animals journey animation,Animated Ensemble Voice Cast A Voice Cast B,Animated Film Team,"A animation story about friendship and family, combining animation adventure drama elements.",Animation
443,Brave Island 19,Animation Adventure Fantasy,friendship family adventure childhood magic animals journey animation,Animated Ensemble Voice Cast A Voice Cast B,Animation Director,"A animation story about friendship and family, combining animation adventure fantasy elements.",Animation
444,Wonder Hearts 20,Animation Comedy Adventure,friendship family adventure childhood magic animals journey animation,Animated Ensemble Voice Cast A Voice Cast B,Family Animation Director,"A animation story about friendship and family, combining animation comedy adventure elements.",Animation
445,Little World 21,Animation Adventure Drama,friendship family adventure childhood magic animals journey animation,Animated Ensemble Voice Cast A Voice Cast B,Animated Film Team,"A animation story about friendship and family, combining animation adventure drama elements.",Animation
446,Magic Adventure 22,Animation Adventure Fantasy,friendship family adventure childhood magic animals journey animation,Animated Ensemble Voice Cast A Voice Cast B,Animation Director,"A animation story about friendship and family, combining animation adventure fantasy elements.",Animation
447,Sky Friends 23,Animation Comedy Adventure,friendship family adventure childhood magic animals journey animation,Animated Ensemble Voice Cast A Voice Cast B,Family Animation Director,"A animation story about friendship and family, combining animation comedy adventure elements.",Animation
448,Ocean Kingdom 24,Animation Adventure Drama,friendship family adventure childhood magic animals journey animation,Animated Ensemble Voice Cast A Voice Cast B,Animated Film Team,"A animation story about friendship and family, combining animation adventure drama elements.",Animation
449,Forest Journey 25,Animation Adventure Fantasy,friendship family adventure childhood magic animals journey animation,Animated Ensemble Voice Cast A Voice Cast B,Animation Director,"A animation story about friendship and family, combining animation adventure fantasy elements.",Animation
450,Dream Story 26,Animation Comedy Adventure,friendship family adventure childhood magic animals journey animation,Animated Ensemble Voice Cast A Voice Cast B,Family Animation Director,"A animation story about friendship and family, combining animation comedy adventure elements.",Animation
451,Star Quest 27,Animation Adventure Drama,friendship family adventure childhood magic animals journey animation,Animated Ensemble Voice Cast A Voice Cast B,Animated Film Team,"A animation story about friendship and family, combining animation adventure drama elements.",Animation
452,Tiny Dream 28,Animation Adventure Fantasy,friendship family adventure childhood magic animals journey animation,Animated Ensemble Voice Cast A Voice Cast B,Animation Director,"A animation story about friendship and family, combining animation adventure fantasy elements.",Animation
453,Brave Island 29,Animation Comedy Adventure,friendship family adventure childhood magic animals journey animation,Animated Ensemble Voice Cast A Voice Cast B,Family Animation Director,"A animation story about friendship and family, combining animation comedy adventure elements.",Animation
454,Wonder Hearts 30,Animation Adventure Drama,friendship family adventure childhood magic animals journey animation,Animated Ensemble Voice Cast A Voice Cast B,Animated Film Team,"A animation story about friendship and family, combining animation adventure drama elements.",Animation
455,Little World 31,Animation Adventure Fantasy,friendship family adventure childhood magic animals journey animation,Animated Ensemble Voice Cast A Voice Cast B,Animation Director,"A animation story about friendship and family, combining animation adventure fantasy elements.",Animation
456,Magic Adventure 32,Animation Comedy Adventure,friendship family adventure childhood magic animals journey animation,Animated Ensemble Voice Cast A Voice Cast B,Family Animation Director,"A animation story about friendship and family, combining animation comedy adventure elements.",Animation
457,Sky Friends 33,Animation Adventure Drama,friendship family adventure childhood magic animals journey animation,Animated Ensemble Voice Cast A Voice Cast B,Animated Film Team,"A animation story about friendship and family, combining animation adventure drama elements.",Animation
458,Ocean Kingdom 34,Animation Adventure Fantasy,friendship family adventure childhood magic animals journey animation,Animated Ensemble Voice Cast A Voice Cast B,Animation Director,"A animation story about friendship and family, combining animation adventure fantasy elements.",Animation
459,Forest Journey 35,Animation Comedy Adventure,friendship family adventure childhood magic animals journey animation,Animated Ensemble Voice Cast A Voice Cast B,Family Animation Director,"A animation story about friendship and family, combining animation comedy adventure elements.",Animation
460,Dream Story 36,Animation Adventure Drama,friendship family adventure childhood magic animals journey animation,Animated Ensemble Voice Cast A Voice Cast B,Animated Film Team,"A animation story about friendship and family, combining animation adventure drama elements.",Animation
461,Star Quest 37,Animation Adventure Fantasy,friendship family adventure childhood magic animals journey animation,Animated Ensemble Voice Cast A Voice Cast B,Animation Director,"A animation story about friendship and family, combining animation adventure fantasy elements.",Animation
462,Tiny Dream 38,Animation Comedy Adventure,friendship family adventure childhood magic animals journey animation,Animated Ensemble Voice Cast A Voice Cast B,Family Animation Director,"A animation story about friendship and family, combining animation comedy adventure elements.",Animation
463,Brave Island 39,Animation Adventure Drama,friendship family adventure childhood magic animals journey animation,Animated Ensemble Voice Cast A Voice Cast B,Animated Film Team,"A animation story about friendship and family, combining animation adventure drama elements.",Animation
464,Wonder Hearts 40,Animation Adventure Fantasy,friendship family adventure childhood magic animals journey animation,Animated Ensemble Voice Cast A Voice Cast B,Animation Director,"A animation story about friendship and family, combining animation adventure fantasy elements.",Animation
465,Little World 41,Animation Comedy Adventure,friendship family adventure childhood magic animals journey animation,Animated Ensemble Voice Cast A Voice Cast B,Family Animation Director,"A animation story about friendship and family, combining animation comedy adventure elements.",Animation
466,Magic Adventure 42,Animation Adventure Drama,friendship family adventure childhood magic animals journey animation,Animated Ensemble Voice Cast A Voice Cast B,Animated Film Team,"A animation story about friendship and family, combining animation adventure drama elements.",Animation
467,Sky Friends 43,Animation Adventure Fantasy,friendship family adventure childhood magic animals journey animation,Animated Ensemble Voice Cast A Voice Cast B,Animation Director,"A animation story about friendship and family, combining animation adventure fantasy elements.",Animation
468,Ocean Kingdom 44,Animation Comedy Adventure,friendship family adventure childhood magic animals journey animation,Animated Ensemble Voice Cast A Voice Cast B,Family Animation Director,"A animation story about friendship and family, combining animation comedy adventure elements.",Animation
469,Forest Journey 45,Animation Adventure Drama,friendship family adventure childhood magic animals journey animation,Animated Ensemble Voice Cast A Voice Cast B,Animated Film Team,"A animation story about friendship and family, combining animation adventure drama elements.",Animation
470,Dream Story 46,Animation Adventure Fantasy,friendship family adventure childhood magic animals journey animation,Animated Ensemble Voice Cast A Voice Cast B,Animation Director,"A animation story about friendship and family, combining animation adventure fantasy elements.",Animation
471,Star Quest 47,Animation Comedy Adventure,friendship family adventure childhood magic animals journey animation,Animated Ensemble Voice Cast A Voice Cast B,Family Animation Director,"A animation story about friendship and family, combining animation comedy adventure elements.",Animation
472,Tiny Dream 48,Animation Adventure Drama,friendship family adventure childhood magic animals journey animation,Animated Ensemble Voice Cast A Voice Cast B,Animated Film Team,"A animation story about friendship and family, combining animation adventure drama elements.",Animation
473,Brave Island 49,Animation Adventure Fantasy,friendship family adventure childhood magic animals journey animation,Animated Ensemble Voice Cast A Voice Cast B,Animation Director,"A animation story about friendship and family, combining animation adventure fantasy elements.",Animation
474,Wonder Hearts 50,Animation Comedy Adventure,friendship family adventure childhood magic animals journey animation,Animated Ensemble Voice Cast A Voice Cast B,Family Animation Director,"A animation story about friendship and family, combining animation comedy adventure elements.",Animation
475,Little World 51,Animation Adventure Drama,friendship family adventure childhood magic animals journey animation,Animated Ensemble Voice Cast A Voice Cast B,Animated Film Team,"A animation story about friendship and family, combining animation adventure drama elements.",Animation
476,Magic Adventure 52,Animation Adventure Fantasy,friendship family adventure childhood magic animals journey animation,Animated Ensemble Voice Cast A Voice Cast B,Animation Director,"A animation story about friendship and family, combining animation adventure fantasy elements.",Animation
477,Sky Friends 53,Animation Comedy Adventure,friendship family adventure childhood magic animals journey animation,Animated Ensemble Voice Cast A Voice Cast B,Family Animation Director,"A animation story about friendship and family, combining animation comedy adventure elements.",Animation
478,Ocean Kingdom 54,Animation Adventure Drama,friendship family adventure childhood magic animals journey animation,Animated Ensemble Voice Cast A Voice Cast B,Animated Film Team,"A animation story about friendship and family, combining animation adventure drama elements.",Animation
479,Forest Journey 55,Animation Adventure Fantasy,friendship family adventure childhood magic animals journey animation,Animated Ensemble Voice Cast A Voice Cast B,Animation Director,"A animation story about friendship and family, combining animation adventure fantasy elements.",Animation
480,Dream Story 56,Animation Comedy Adventure,friendship family adventure childhood magic animals journey animation,Animated Ensemble Voice Cast A Voice Cast B,Family Animation Director,"A animation story about friendship and family, combining animation comedy adventure elements.",Animation
481,Star Quest 57,Animation Adventure Drama,friendship family adventure childhood magic animals journey animation,Animated Ensemble Voice Cast A Voice Cast B,Animated Film Team,"A animation story about friendship and family, combining animation adventure drama elements.",Animation
482,Tiny Dream 58,Animation Adventure Fantasy,friendship family adventure childhood magic animals journey animation,Animated Ensemble Voice Cast A Voice Cast B,Animation Director,"A animation story about friendship and family, combining animation adventure fantasy elements.",Animation
483,Brave Island 59,Animation Comedy Adventure,friendship family adventure childhood magic animals journey animation,Animated Ensemble Voice Cast A Voice Cast B,Family Animation Director,"A animation story about friendship and family, combining animation comedy adventure elements.",Animation
484,Wonder Hearts 60,Animation Adventure Drama,friendship family adventure childhood magic animals journey animation,Animated Ensemble Voice Cast A Voice Cast B,Animated Film Team,"A animation story about friendship and family, combining animation adventure drama elements.",Animation
485,Little World 61,Animation Adventure Fantasy,friendship family adventure childhood magic animals journey animation,Animated Ensemble Voice Cast A Voice Cast B,Animation Director,"A animation story about friendship and family, combining animation adventure fantasy elements.",Animation
486,Magic Adventure 62,Animation Comedy Adventure,friendship family adventure childhood magic animals journey animation,Animated Ensemble Voice Cast A Voice Cast B,Family Animation Director,"A animation story about friendship and family, combining animation comedy adventure elements.",Animation
487,Sky Friends 63,Animation Adventure Drama,friendship family adventure childhood magic animals journey animation,Animated Ensemble Voice Cast A Voice Cast B,Animated Film Team,"A animation story about friendship and family, combining animation adventure drama elements.",Animation
488,Ocean Kingdom 64,Animation Adventure Fantasy,friendship family adventure childhood magic animals journey animation,Animated Ensemble Voice Cast A Voice Cast B,Animation Director,"A animation story about friendship and family, combining animation adventure fantasy elements.",Animation
489,Forest Journey 65,Animation Comedy Adventure,friendship family adventure childhood magic animals journey animation,Animated Ensemble Voice Cast A Voice Cast B,Family Animation Director,"A animation story about friendship and family, combining animation comedy adventure elements.",Animation
490,Dream Story 66,Animation Adventure Drama,friendship family adventure childhood magic animals journey animation,Animated Ensemble Voice Cast A Voice Cast B,Animated Film Team,"A animation story about friendship and family, combining animation adventure drama elements.",Animation
491,Star Quest 67,Animation Adventure Fantasy,friendship family adventure childhood magic animals journey animation,Animated Ensemble Voice Cast A Voice Cast B,Animation Director,"A animation story about friendship and family, combining animation adventure fantasy elements.",Animation
492,Tiny Dream 68,Animation Comedy Adventure,friendship family adventure childhood magic animals journey animation,Animated Ensemble Voice Cast A Voice Cast B,Family Animation Director,"A animation story about friendship and family, combining animation comedy adventure elements.",Animation
493,Brave Island 69,Animation Adventure Drama,friendship family adventure childhood magic animals journey animation,Animated Ensemble Voice Cast A Voice Cast B,Animated Film Team,"A animation story about friendship and family, combining animation adventure drama elements.",Animation
494,Wonder Hearts 70,Animation Adventure Fantasy,friendship family adventure childhood magic animals journey animation,Animated Ensemble Voice Cast A Voice Cast B,Animation Director,"A animation story about friendship and family, combining animation adventure fantasy elements.",Animation
495,Little World 71,Animation Comedy Adventure,friendship family adventure childhood magic animals journey animation,Animated Ensemble Voice Cast A Voice Cast B,Family Animation Director,"A animation story about friendship and family, combining animation comedy adventure elements.",Animation
496,Magic Adventure 72,Animation Adventure Drama,friendship family adventure childhood magic animals journey animation,Animated Ensemble Voice Cast A Voice Cast B,Animated Film Team,"A animation story about friendship and family, combining animation adventure drama elements.",Animation
497,Sky Friends 73,Animation Adventure Fantasy,friendship family adventure childhood magic animals journey animation,Animated Ensemble Voice Cast A Voice Cast B,Animation Director,"A animation story about friendship and family, combining animation adventure fantasy elements.",Animation
498,Ocean Kingdom 74,Animation Comedy Adventure,friendship family adventure childhood magic animals journey animation,Animated Ensemble Voice Cast A Voice Cast B,Family Animation Director,"A animation story about friendship and family, combining animation comedy adventure elements.",Animation
499,Forest Journey 75,Animation Adventure Drama,friendship family adventure childhood magic animals journey animation,Animated Ensemble Voice Cast A Voice Cast B,Animated Film Team,"A animation story about friendship and family, combining animation adventure drama elements.",Animation
500,Dream Story 76,Animation Adventure Fantasy,friendship family adventure childhood magic animals journey animation,Animated Ensemble Voice Cast A Voice Cast B,Animation Director,"A animation story about friendship and family, combining animation adventure fantasy elements.",Animation
