movie_id,title,genre,keywords,cast,director,description,rating,popularity
1,Avatar,Action Adventure Fantasy,alien planet space survival,Sam Worthington|Zoe Saldana|Sigourney Weaver,James Cameron,A marine joins an alien world and fights to protect its people.,7.8,7630
2,Titanic,Drama Romance,love ship ocean tragedy,Leonardo DiCaprio|Kate Winslet|Billy Zane,James Cameron,A young couple falls in love aboard a famous ocean liner.,7.92,7869
3,The Avengers,Action Adventure Sci-Fi,superhero marvel team alien,Robert Downey Jr|Chris Evans|Scarlett Johansson,Joss Whedon,Superheroes join forces to protect Earth from a powerful enemy.,8.04,8107
4,Iron Man,Action Adventure Sci-Fi,superhero technology armor marvel,Robert Downey Jr|Gwyneth Paltrow|Jeff Bridges,Jon Favreau,A genius inventor creates a powerful armored suit.,7.91,8134
5,Interstellar,Sci-Fi Drama Adventure,space astronaut planet time,Matthew McConaughey|Anne Hathaway|Jessica Chastain,Christopher Nolan,Astronauts travel through space searching for a new home for humanity.,8.73,8968
6,Inception,Action Sci-Fi Thriller,dream heist mind technology,Leonardo DiCaprio|Joseph Gordon-Levitt|Tom Hardy,Christopher Nolan,A skilled thief enters dreams to steal valuable information.,8.8,9165
7,The Dark Knight,Action Crime Drama,batman joker superhero crime,Christian Bale|Heath Ledger|Gary Oldman,Christopher Nolan,Batman faces a dangerous criminal who creates chaos in Gotham.,9.02,9489
8,Jurassic Park,Adventure Sci-Fi Thriller,dinosaurs island science survival,Sam Neill|Laura Dern|Jeff Goldblum,Steven Spielberg,Scientists create a dinosaur park that becomes dangerously uncontrollable.,8.24,8963
9,The Matrix,Action Sci-Fi Thriller,computer virtual reality hacker,Keanu Reeves|Laurence Fishburne|Carrie-Anne Moss,The Wachowskis,A computer hacker discovers that reality is a sophisticated simulation.,8.71,9499
10,Guardians of the Galaxy,Action Adventure Sci-Fi Comedy,space superhero marvel team,Chris Pratt|Zoe Saldana|Dave Bautista,James Gunn,A group of unusual heroes protects the galaxy from a powerful threat.,8.03,9058
11,Doctor Strange,Action Adventure Fantasy,magic superhero marvel multiverse,Benedict Cumberbatch|Rachel McAdams|Chiwetel Ejiofor,Scott Derrickson,A surgeon learns mystical powers and protects reality from magical threats.,7.5,8745
12,Black Panther,Action Adventure Sci-Fi,superhero wakanda africa marvel,Chadwick Boseman|Michael B Jordan|Lupita Nyongo,Ryan Coogler,A new king protects Wakanda from an ambitious rival.,7.32,8729
13,The Lord of the Rings,Adventure Fantasy Drama,magic ring middle earth quest,Elijah Wood|Ian McKellen|Viggo Mortensen,Peter Jackson,A young hobbit begins a dangerous quest to destroy a powerful ring.,8.84,10158
14,Harry Potter,Adventure Fantasy Family,magic wizard school friendship,Daniel Radcliffe|Emma Watson|Rupert Grint,Chris Columbus,A young wizard begins his education at a magical school.,7.61,9249
15,Star Wars,Action Adventure Sci-Fi,space jedi rebellion empire,Mark Hamill|Harrison Ford|Carrie Fisher,George Lucas,A young hero joins a rebellion against a powerful space empire.,8.63,10253
16,Dune,Sci-Fi Adventure Drama,desert space politics prophecy,Timothee Chalamet|Zendaya|Rebecca Ferguson,Denis Villeneuve,A young noble enters a dangerous desert world filled with political conflict.,8.0,9855
17,The Martian,Sci-Fi Adventure Drama,mars astronaut survival space,Matt Damon|Jessica Chastain|Jeff Daniels,Ridley Scott,An astronaut stranded on Mars uses science and determination to survive.,8.02,10009
18,Gravity,Sci-Fi Thriller Drama,space astronaut survival,Sandra Bullock|George Clooney|Ed Harris,Alfonso Cuaron,Astronauts struggle to survive after an accident in orbit.,7.74,9908
19,Top Gun Maverick,Action Drama,fighter pilot aviation military,Tom Cruise|Miles Teller|Jennifer Connelly,Joseph Kosinski,An experienced pilot trains a new generation for a dangerous mission.,8.21,10444
20,John Wick,Action Thriller Crime,assassin revenge gunfight,Keanu Reeves|Ian McShane|Willem Dafoe,Chad Stahelski,A retired assassin returns to action after a personal loss.,7.43,9918
21,Mad Max Fury Road,Action Adventure Sci-Fi,desert survival chase dystopia,Tom Hardy|Charlize Theron|Nicholas Hoult,George Miller,A group escapes across a dangerous post-apocalyptic desert.,8.1,10625
22,The Hunger Games,Action Adventure Sci-Fi Drama,dystopia survival competition rebellion,Jennifer Lawrence|Josh Hutcherson|Woody Harrelson,Gary Ross,A young woman enters a dangerous televised survival competition.,7.22,10014
23,Ready Player One,Action Adventure Sci-Fi,virtual reality gaming future,Tye Sheridan|Olivia Cooke|Ben Mendelsohn,Steven Spielberg,A teenager enters a huge virtual world to compete for a valuable prize.,7.44,10338
24,Free Guy,Action Comedy Sci-Fi,video game virtual world hero,Ryan Reynolds|Jodie Comer|Taika Waititi,Shawn Levy,A bank employee discovers that he is a character in a video game.,7.11,10194
25,The Social Network,Drama Biography,technology startup friendship,Jesse Eisenberg|Andrew Garfield|Justin Timberlake,David Fincher,A college student creates a social network that changes the world.,7.83,10943
26,Oppenheimer,Drama Biography History,science atomic bomb war scientist,Cillian Murphy|Emily Blunt|Robert Downey Jr,Christopher Nolan,A scientist leads a major wartime research project with historic consequences.,8.6,11735
27,The Pursuit of Happyness,Drama Biography Family,career father son motivation,Will Smith|Jaden Smith|Thandiwe Newton,Gabriele Muccino,A struggling father works hard to build a better future for his son.,8.02,11379
28,Forrest Gump,Drama Romance Comedy,life friendship history journey,Tom Hanks|Robin Wright|Gary Sinise,Robert Zemeckis,A kind man experiences major events while following his own path.,8.84,12213
29,The Shawshank Redemption,Drama Crime,prison friendship hope,Tim Robbins|Morgan Freeman|Bob Gunton,Frank Darabont,A prisoner builds friendship and hope while serving a long sentence.,9.31,12749
30,Good Will Hunting,Drama Romance,genius friendship mathematics,Matt Damon|Robin Williams|Ben Affleck,Gus Van Sant,A gifted young man receives guidance while dealing with personal struggles.,8.33,12053
31,La La Land,Comedy Drama Romance,music jazz dreams love,Ryan Gosling|Emma Stone|John Legend,Damien Chazelle,Two artists pursue their dreams while falling in love in Los Angeles.,8.0,11910
32,The Notebook,Drama Romance,love relationship memory,Ryan Gosling|Rachel McAdams|James Garner,Nick Cassavetes,A lifelong love story is remembered through an old notebook.,7.82,11894
33,Knives Out,Comedy Crime Mystery,detective murder mansion family,Daniel Craig|Ana de Armas|Chris Evans,Rian Johnson,A detective investigates a mysterious death inside a wealthy family.,7.94,12133
34,The Conjuring,Horror Mystery Thriller,haunted house ghost family,Vera Farmiga|Patrick Wilson|Lili Taylor,James Wan,Paranormal investigators help a family facing supernatural activity.,7.51,11904
35,A Quiet Place,Horror Sci-Fi Thriller,monsters survival family silence,Emily Blunt|John Krasinski|Millicent Simmonds,John Krasinski,A family survives in silence while dangerous creatures hunt by sound.,7.53,12058
36,Get Out,Horror Mystery Thriller,family hypnosis mystery,Daniel Kaluuya|Allison Williams|Bradley Whitford,Jordan Peele,A young man discovers disturbing secrets while visiting his girlfriend's family.,7.7,12340
37,Train to Busan,Action Horror Thriller,zombies train survival outbreak,Gong Yoo|Jung Yu-mi|Ma Dong-seok,Yeon Sang-ho,Passengers fight to survive a zombie outbreak aboard a train.,7.62,12409
38,The Grand Budapest Hotel,Comedy Drama Adventure,hotel friendship mystery europe,Ralph Fiennes|Tony Revolori|Adrien Brody,Wes Anderson,A hotel concierge and his young assistant become involved in a mysterious adventure.,8.14,12988
39,Catch Me If You Can,Crime Drama Biography,con artist FBI identity fraud,Leonardo DiCaprio|Tom Hanks|Christopher Walken,Steven Spielberg,A young con artist stays ahead of an FBI agent while changing identities.,8.11,13099
40,The Departed,Crime Drama Thriller,police mafia undercover crime,Leonardo DiCaprio|Matt Damon|Jack Nicholson,Martin Scorsese,An undercover police officer and a criminal informant work inside rival organizations.,8.53,13593
41,Fight Club,Drama Thriller,identity rebellion friendship underground,Brad Pitt|Edward Norton|Helena Bonham Carter,David Fincher,A dissatisfied worker forms an underground club that grows beyond control.,8.8,13960
42,The Prestige,Drama Mystery Sci-Fi,magic rivalry illusion obsession,Christian Bale|Hugh Jackman|Scarlett Johansson,Christopher Nolan,Two rival magicians become obsessed with creating the perfect illusion.,8.52,13859
43,Memento,Mystery Thriller Drama,memory detective revenge crime,Guy Pearce|Carrie-Anne Moss|Joe Pantoliano,Christopher Nolan,A man with short-term memory loss investigates a mysterious crime.,8.44,13928
44,The Truman Show,Comedy Drama Sci-Fi,television reality life mystery,Jim Carrey|Laura Linney|Ed Harris,Peter Weir,A man slowly discovers that his entire life is being filmed for television.,8.21,13869
45,Back to the Future,Adventure Comedy Sci-Fi,time travel car teenager,Michael J Fox|Christopher Lloyd|Lea Thompson,Robert Zemeckis,A teenager travels through time using a modified car.,8.53,14278
46,Alien,Horror Sci-Fi Thriller,space creature survival crew,Sigourney Weaver|Tom Skerritt|John Hurt,Ridley Scott,A space crew encounters a deadly creature aboard their spacecraft.,8.5,14390
47,Edge of Tomorrow,Action Sci-Fi,time loop alien war soldier,Tom Cruise|Emily Blunt|Bill Paxton,Doug Liman,A soldier relives the same battle repeatedly while fighting an alien invasion.,7.92,14034
48,Pacific Rim,Action Sci-Fi Adventure,robots monsters ocean battle,Charlie Hunnam|Idris Elba|Rinko Kikuchi,Guillermo del Toro,Giant robots fight enormous creatures emerging from the ocean.,6.94,13338
49,Men in Black,Action Comedy Sci-Fi,aliens secret agents government,Will Smith|Tommy Lee Jones|Linda Fiorentino,Barry Sonnenfeld,Secret agents protect Earth from hidden alien activity.,7.31,13789
50,E.T.,Adventure Sci-Fi Family,alien friendship children space,Henry Thomas|Drew Barrymore|Dee Wallace,Steven Spielberg,A child helps a stranded alien return home.,7.93,14453
51,Toy Story,Animation Comedy Adventure,toys friendship childhood,Tom Hanks|Tim Allen|Don Rickles,John Lasseter,Living toys learn about friendship when a new toy arrives.,8.3,14905
52,Finding Nemo,Animation Adventure Comedy,ocean fish family friendship,Albert Brooks|Ellen DeGeneres|Alexander Gould,Andrew Stanton,A father fish crosses the ocean to find his missing son.,8.22,14974
53,The Lion King,Animation Adventure Drama,lion family kingdom friendship,Matthew Broderick|Jeremy Irons|James Earl Jones,Roger Allers,A young lion learns to accept his responsibility as king.,8.54,15382
54,Coco,Animation Adventure Fantasy,music family mexico memory,Anthony Gonzalez|Gael Garcia Bernal|Benjamin Bratt,Lee Unkrich,A young musician enters the world of the dead to discover his family history.,8.41,15409
55,Inside Out,Animation Comedy Drama,emotions childhood family,Amy Poehler|Phyllis Smith|Bill Hader,Pete Docter,A girl's emotions help her adapt to a major change in her life.,8.13,15308
56,Up,Animation Adventure Comedy,house journey friendship,Ed Asner|Christopher Plummer|Jordan Nagai,Pete Docter,An elderly man travels to a distant place with a young companion.,8.3,15590
57,Ratatouille,Animation Comedy Drama,cooking chef paris food,Patton Oswalt|Ian Holm|Lou Romano,Brad Bird,A talented rat dreams of becoming a chef in Paris.,8.12,15573
58,Avatar The Journey,Action Adventure Fantasy,alien planet space survival,Sam Worthington|Zoe Saldana|Sigourney Weaver,James Cameron,A marine joins an alien world and fights to protect its people. This new chapter explores another challenge involving the same themes.,7.79,15430
59,Titanic The Journey,Drama Romance,love ship ocean tragedy,Leonardo DiCaprio|Kate Winslet|Billy Zane,James Cameron,A young couple falls in love aboard a famous ocean liner. This new chapter explores another challenge involving the same themes.,7.86,15627
60,The Avengers The Journey,Action Adventure Sci-Fi,superhero marvel team alien,Robert Downey Jr|Chris Evans|Scarlett Johansson,Joss Whedon,Superheroes join forces to protect Earth from a powerful enemy. This new chapter explores another challenge involving the same themes.,7.98,15866
61,Iron Man The Journey,Action Adventure Sci-Fi,superhero technology armor marvel,Robert Downey Jr|Gwyneth Paltrow|Jeff Bridges,Jon Favreau,A genius inventor creates a powerful armored suit. This new chapter explores another challenge involving the same themes.,7.85,15892
62,Interstellar The Journey,Sci-Fi Drama Adventure,space astronaut planet time,Matthew McConaughey|Anne Hathaway|Jessica Chastain,Christopher Nolan,Astronauts travel through space searching for a new home for humanity. This new chapter explores another challenge involving the same themes.,8.67,16726
63,Inception The Journey,Action Sci-Fi Thriller,dream heist mind technology,Leonardo DiCaprio|Joseph Gordon-Levitt|Tom Hardy,Christopher Nolan,A skilled thief enters dreams to steal valuable information. This new chapter explores another challenge involving the same themes.,8.79,16965
64,The Dark Knight The Journey,Action Crime Drama,batman joker superhero crime,Christian Bale|Heath Ledger|Gary Oldman,Christopher Nolan,Batman faces a dangerous criminal who creates chaos in Gotham. This new chapter explores another challenge involving the same themes.,8.96,17247
65,Jurassic Park The Journey,Adventure Sci-Fi Thriller,dinosaurs island science survival,Sam Neill|Laura Dern|Jeff Goldblum,Steven Spielberg,Scientists create a dinosaur park that becomes dangerously uncontrollable. This new chapter explores another challenge involving the same themes.,8.18,16721
66,The Matrix The Journey,Action Sci-Fi Thriller,computer virtual reality hacker,Keanu Reeves|Laurence Fishburne|Carrie-Anne Moss,The Wachowskis,A computer hacker discovers that reality is a sophisticated simulation. This new chapter explores another challenge involving the same themes.,8.65,17257
67,Guardians of the Galaxy The Journey,Action Adventure Sci-Fi Comedy,space superhero marvel team,Chris Pratt|Zoe Saldana|Dave Bautista,James Gunn,A group of unusual heroes protects the galaxy from a powerful threat. This new chapter explores another challenge involving the same themes.,7.97,16816
68,Doctor Strange The Journey,Action Adventure Fantasy,magic superhero marvel multiverse,Benedict Cumberbatch|Rachel McAdams|Chiwetel Ejiofor,Scott Derrickson,A surgeon learns mystical powers and protects reality from magical threats. This new chapter explores another challenge involving the same themes.,7.49,16545
69,Black Panther The Journey,Action Adventure Sci-Fi,superhero wakanda africa marvel,Chadwick Boseman|Michael B Jordan|Lupita Nyongo,Ryan Coogler,A new king protects Wakanda from an ambitious rival. This new chapter explores another challenge involving the same themes.,7.26,16487
70,The Lord of the Rings The Journey,Adventure Fantasy Drama,magic ring middle earth quest,Elijah Wood|Ian McKellen|Viggo Mortensen,Peter Jackson,A young hobbit begins a dangerous quest to destroy a powerful ring. This new chapter explores another challenge involving the same themes.,8.78,17915
71,Harry Potter The Journey,Adventure Fantasy Family,magic wizard school friendship,Daniel Radcliffe|Emma Watson|Rupert Grint,Chris Columbus,A young wizard begins his education at a magical school. This new chapter explores another challenge involving the same themes.,7.55,17007
72,Star Wars The Journey,Action Adventure Sci-Fi,space jedi rebellion empire,Mark Hamill|Harrison Ford|Carrie Fisher,George Lucas,A young hero joins a rebellion against a powerful space empire. This new chapter explores another challenge involving the same themes.,8.57,18011
73,Dune The Journey,Sci-Fi Adventure Drama,desert space politics prophecy,Timothee Chalamet|Zendaya|Rebecca Ferguson,Denis Villeneuve,A young noble enters a dangerous desert world filled with political conflict. This new chapter explores another challenge involving the same themes.,7.99,17655
74,The Martian The Journey,Sci-Fi Adventure Drama,mars astronaut survival space,Matt Damon|Jessica Chastain|Jeff Daniels,Ridley Scott,An astronaut stranded on Mars uses science and determination to survive. This new chapter explores another challenge involving the same themes.,7.96,7767
75,Gravity The Journey,Sci-Fi Thriller Drama,space astronaut survival,Sandra Bullock|George Clooney|Ed Harris,Alfonso Cuaron,Astronauts struggle to survive after an accident in orbit. This new chapter explores another challenge involving the same themes.,7.68,7666
76,Top Gun Maverick The Journey,Action Drama,fighter pilot aviation military,Tom Cruise|Miles Teller|Jennifer Connelly,Joseph Kosinski,An experienced pilot trains a new generation for a dangerous mission. This new chapter explores another challenge involving the same themes.,8.15,8202
77,John Wick The Journey,Action Thriller Crime,assassin revenge gunfight,Keanu Reeves|Ian McShane|Willem Dafoe,Chad Stahelski,A retired assassin returns to action after a personal loss. This new chapter explores another challenge involving the same themes.,7.37,7676
78,Mad Max Fury Road The Journey,Action Adventure Sci-Fi,desert survival chase dystopia,Tom Hardy|Charlize Theron|Nicholas Hoult,George Miller,A group escapes across a dangerous post-apocalyptic desert. This new chapter explores another challenge involving the same themes.,8.09,8425
79,The Hunger Games The Journey,Action Adventure Sci-Fi Drama,dystopia survival competition rebellion,Jennifer Lawrence|Josh Hutcherson|Woody Harrelson,Gary Ross,A young woman enters a dangerous televised survival competition. This new chapter explores another challenge involving the same themes.,7.16,7772
80,Ready Player One The Journey,Action Adventure Sci-Fi,virtual reality gaming future,Tye Sheridan|Olivia Cooke|Ben Mendelsohn,Steven Spielberg,A teenager enters a huge virtual world to compete for a valuable prize. This new chapter explores another challenge involving the same themes.,7.38,8096
81,Free Guy The Journey,Action Comedy Sci-Fi,video game virtual world hero,Ryan Reynolds|Jodie Comer|Taika Waititi,Shawn Levy,A bank employee discovers that he is a character in a video game. This new chapter explores another challenge involving the same themes.,7.05,7952
82,The Social Network The Journey,Drama Biography,technology startup friendship,Jesse Eisenberg|Andrew Garfield|Justin Timberlake,David Fincher,A college student creates a social network that changes the world. This new chapter explores another challenge involving the same themes.,7.77,8701
83,Oppenheimer The Journey,Drama Biography History,science atomic bomb war scientist,Cillian Murphy|Emily Blunt|Robert Downey Jr,Christopher Nolan,A scientist leads a major wartime research project with historic consequences. This new chapter explores another challenge involving the same themes.,8.59,9535
84,The Pursuit of Happyness The Journey,Drama Biography Family,career father son motivation,Will Smith|Jaden Smith|Thandiwe Newton,Gabriele Muccino,A struggling father works hard to build a better future for his son. This new chapter explores another challenge involving the same themes.,7.96,9137
85,Forrest Gump The Journey,Drama Romance Comedy,life friendship history journey,Tom Hanks|Robin Wright|Gary Sinise,Robert Zemeckis,A kind man experiences major events while following his own path. This new chapter explores another challenge involving the same themes.,8.78,9970
86,The Shawshank Redemption The Journey,Drama Crime,prison friendship hope,Tim Robbins|Morgan Freeman|Bob Gunton,Frank Darabont,A prisoner builds friendship and hope while serving a long sentence. This new chapter explores another challenge involving the same themes.,9.25,10507
87,Good Will Hunting The Journey,Drama Romance,genius friendship mathematics,Matt Damon|Robin Williams|Ben Affleck,Gus Van Sant,A gifted young man receives guidance while dealing with personal struggles. This new chapter explores another challenge involving the same themes.,8.27,9811
88,La La Land The Journey,Comedy Drama Romance,music jazz dreams love,Ryan Gosling|Emma Stone|John Legend,Damien Chazelle,Two artists pursue their dreams while falling in love in Los Angeles. This new chapter explores another challenge involving the same themes.,7.99,9710
89,The Notebook The Journey,Drama Romance,love relationship memory,Ryan Gosling|Rachel McAdams|James Garner,Nick Cassavetes,A lifelong love story is remembered through an old notebook. This new chapter explores another challenge involving the same themes.,7.76,9652
90,Knives Out The Journey,Comedy Crime Mystery,detective murder mansion family,Daniel Craig|Ana de Armas|Chris Evans,Rian Johnson,A detective investigates a mysterious death inside a wealthy family. This new chapter explores another challenge involving the same themes.,7.88,9891
91,The Conjuring The Journey,Horror Mystery Thriller,haunted house ghost family,Vera Farmiga|Patrick Wilson|Lili Taylor,James Wan,Paranormal investigators help a family facing supernatural activity. This new chapter explores another challenge involving the same themes.,7.45,9662
92,A Quiet Place The Journey,Horror Sci-Fi Thriller,monsters survival family silence,Emily Blunt|John Krasinski|Millicent Simmonds,John Krasinski,A family survives in silence while dangerous creatures hunt by sound. This new chapter explores another challenge involving the same themes.,7.47,9816
93,Get Out The Journey,Horror Mystery Thriller,family hypnosis mystery,Daniel Kaluuya|Allison Williams|Bradley Whitford,Jordan Peele,A young man discovers disturbing secrets while visiting his girlfriend's family. This new chapter explores another challenge involving the same themes.,7.69,10140
94,Train to Busan The Journey,Action Horror Thriller,zombies train survival outbreak,Gong Yoo|Jung Yu-mi|Ma Dong-seok,Yeon Sang-ho,Passengers fight to survive a zombie outbreak aboard a train. This new chapter explores another challenge involving the same themes.,7.56,10167
95,The Grand Budapest Hotel The Journey,Comedy Drama Adventure,hotel friendship mystery europe,Ralph Fiennes|Tony Revolori|Adrien Brody,Wes Anderson,A hotel concierge and his young assistant become involved in a mysterious adventure. This new chapter explores another challenge involving the same themes.,8.08,10746
96,Catch Me If You Can The Journey,Crime Drama Biography,con artist FBI identity fraud,Leonardo DiCaprio|Tom Hanks|Christopher Walken,Steven Spielberg,A young con artist stays ahead of an FBI agent while changing identities. This new chapter explores another challenge involving the same themes.,8.05,10857
97,The Departed The Journey,Crime Drama Thriller,police mafia undercover crime,Leonardo DiCaprio|Matt Damon|Jack Nicholson,Martin Scorsese,An undercover police officer and a criminal informant work inside rival organizations. This new chapter explores another challenge involving the same themes.,8.47,11351
98,Fight Club The Journey,Drama Thriller,identity rebellion friendship underground,Brad Pitt|Edward Norton|Helena Bonham Carter,David Fincher,A dissatisfied worker forms an underground club that grows beyond control. This new chapter explores another challenge involving the same themes.,8.79,11760
99,The Prestige The Journey,Drama Mystery Sci-Fi,magic rivalry illusion obsession,Christian Bale|Hugh Jackman|Scarlett Johansson,Christopher Nolan,Two rival magicians become obsessed with creating the perfect illusion. This new chapter explores another challenge involving the same themes.,8.46,11617
100,Memento The Journey,Mystery Thriller Drama,memory detective revenge crime,Guy Pearce|Carrie-Anne Moss|Joe Pantoliano,Christopher Nolan,A man with short-term memory loss investigates a mysterious crime. This new chapter explores another challenge involving the same themes.,8.38,11686
101,The Truman Show The Journey,Comedy Drama Sci-Fi,television reality life mystery,Jim Carrey|Laura Linney|Ed Harris,Peter Weir,A man slowly discovers that his entire life is being filmed for television. This new chapter explores another challenge involving the same themes.,8.15,11627
102,Back to the Future The Journey,Adventure Comedy Sci-Fi,time travel car teenager,Michael J Fox|Christopher Lloyd|Lea Thompson,Robert Zemeckis,A teenager travels through time using a modified car. This new chapter explores another challenge involving the same themes.,8.47,12036
103,Alien The Journey,Horror Sci-Fi Thriller,space creature survival crew,Sigourney Weaver|Tom Skerritt|John Hurt,Ridley Scott,A space crew encounters a deadly creature aboard their spacecraft. This new chapter explores another challenge involving the same themes.,8.49,12190
104,Edge of Tomorrow The Journey,Action Sci-Fi,time loop alien war soldier,Tom Cruise|Emily Blunt|Bill Paxton,Doug Liman,A soldier relives the same battle repeatedly while fighting an alien invasion. This new chapter explores another challenge involving the same themes.,7.86,11792
105,Pacific Rim The Journey,Action Sci-Fi Adventure,robots monsters ocean battle,Charlie Hunnam|Idris Elba|Rinko Kikuchi,Guillermo del Toro,Giant robots fight enormous creatures emerging from the ocean. This new chapter explores another challenge involving the same themes.,6.88,11096
106,Men in Black The Journey,Action Comedy Sci-Fi,aliens secret agents government,Will Smith|Tommy Lee Jones|Linda Fiorentino,Barry Sonnenfeld,Secret agents protect Earth from hidden alien activity. This new chapter explores another challenge involving the same themes.,7.25,11547
107,E.T. The Journey,Adventure Sci-Fi Family,alien friendship children space,Henry Thomas|Drew Barrymore|Dee Wallace,Steven Spielberg,A child helps a stranded alien return home. This new chapter explores another challenge involving the same themes.,7.87,12211
108,Toy Story The Journey,Animation Comedy Adventure,toys friendship childhood,Tom Hanks|Tim Allen|Don Rickles,John Lasseter,Living toys learn about friendship when a new toy arrives. This new chapter explores another challenge involving the same themes.,8.29,12705
109,Finding Nemo The Journey,Animation Adventure Comedy,ocean fish family friendship,Albert Brooks|Ellen DeGeneres|Alexander Gould,Andrew Stanton,A father fish crosses the ocean to find his missing son. This new chapter explores another challenge involving the same themes.,8.16,12732
110,The Lion King The Journey,Animation Adventure Drama,lion family kingdom friendship,Matthew Broderick|Jeremy Irons|James Earl Jones,Roger Allers,A young lion learns to accept his responsibility as king. This new chapter explores another challenge involving the same themes.,8.48,13141
111,Coco The Journey,Animation Adventure Fantasy,music family mexico memory,Anthony Gonzalez|Gael Garcia Bernal|Benjamin Bratt,Lee Unkrich,A young musician enters the world of the dead to discover his family history. This new chapter explores another challenge involving the same themes.,8.35,13167
112,Inside Out The Journey,Animation Comedy Drama,emotions childhood family,Amy Poehler|Phyllis Smith|Bill Hader,Pete Docter,A girl's emotions help her adapt to a major change in her life. This new chapter explores another challenge involving the same themes.,8.07,13066
113,Up The Journey,Animation Adventure Comedy,house journey friendship,Ed Asner|Christopher Plummer|Jordan Nagai,Pete Docter,An elderly man travels to a distant place with a young companion. This new chapter explores another challenge involving the same themes.,8.29,13390
114,Ratatouille The Journey,Animation Comedy Drama,cooking chef paris food,Patton Oswalt|Ian Holm|Lou Romano,Brad Bird,A talented rat dreams of becoming a chef in Paris. This new chapter explores another challenge involving the same themes.,8.06,13332
115,Avatar The Legacy,Action Adventure Fantasy,alien planet space survival,Sam Worthington|Zoe Saldana|Sigourney Weaver,James Cameron,A marine joins an alien world and fights to protect its people. This new chapter explores another challenge involving the same themes.,7.73,13188
116,Titanic The Legacy,Drama Romance,love ship ocean tragedy,Leonardo DiCaprio|Kate Winslet|Billy Zane,James Cameron,A young couple falls in love aboard a famous ocean liner. This new chapter explores another challenge involving the same themes.,7.8,13385
117,The Avengers The Legacy,Action Adventure Sci-Fi,superhero marvel team alien,Robert Downey Jr|Chris Evans|Scarlett Johansson,Joss Whedon,Superheroes join forces to protect Earth from a powerful enemy. This new chapter explores another challenge involving the same themes.,7.92,13624
118,Iron Man The Legacy,Action Adventure Sci-Fi,superhero technology armor marvel,Robert Downey Jr|Gwyneth Paltrow|Jeff Bridges,Jon Favreau,A genius inventor creates a powerful armored suit. This new chapter explores another challenge involving the same themes.,7.84,13693
119,Interstellar The Legacy,Sci-Fi Drama Adventure,space astronaut planet time,Matthew McConaughey|Anne Hathaway|Jessica Chastain,Christopher Nolan,Astronauts travel through space searching for a new home for humanity. This new chapter explores another challenge involving the same themes.,8.61,14484
120,Inception The Legacy,Action Sci-Fi Thriller,dream heist mind technology,Leonardo DiCaprio|Joseph Gordon-Levitt|Tom Hardy,Christopher Nolan,A skilled thief enters dreams to steal valuable information. This new chapter explores another challenge involving the same themes.,8.73,14723
121,The Dark Knight The Legacy,Action Crime Drama,batman joker superhero crime,Christian Bale|Heath Ledger|Gary Oldman,Christopher Nolan,Batman faces a dangerous criminal who creates chaos in Gotham. This new chapter explores another challenge involving the same themes.,8.9,15005
122,Jurassic Park The Legacy,Adventure Sci-Fi Thriller,dinosaurs island science survival,Sam Neill|Laura Dern|Jeff Goldblum,Steven Spielberg,Scientists create a dinosaur park that becomes dangerously uncontrollable. This new chapter explores another challenge involving the same themes.,8.12,14478
123,The Matrix The Legacy,Action Sci-Fi Thriller,computer virtual reality hacker,Keanu Reeves|Laurence Fishburne|Carrie-Anne Moss,The Wachowskis,A computer hacker discovers that reality is a sophisticated simulation. This new chapter explores another challenge involving the same themes.,8.64,15058
124,Guardians of the Galaxy The Legacy,Action Adventure Sci-Fi Comedy,space superhero marvel team,Chris Pratt|Zoe Saldana|Dave Bautista,James Gunn,A group of unusual heroes protects the galaxy from a powerful threat. This new chapter explores another challenge involving the same themes.,7.91,14574
125,Doctor Strange The Legacy,Action Adventure Fantasy,magic superhero marvel multiverse,Benedict Cumberbatch|Rachel McAdams|Chiwetel Ejiofor,Scott Derrickson,A surgeon learns mystical powers and protects reality from magical threats. This new chapter explores another challenge involving the same themes.,7.43,14303
126,Black Panther The Legacy,Action Adventure Sci-Fi,superhero wakanda africa marvel,Chadwick Boseman|Michael B Jordan|Lupita Nyongo,Ryan Coogler,A new king protects Wakanda from an ambitious rival. This new chapter explores another challenge involving the same themes.,7.2,14245
127,The Lord of the Rings The Legacy,Adventure Fantasy Drama,magic ring middle earth quest,Elijah Wood|Ian McKellen|Viggo Mortensen,Peter Jackson,A young hobbit begins a dangerous quest to destroy a powerful ring. This new chapter explores another challenge involving the same themes.,8.72,15674
128,Harry Potter The Legacy,Adventure Fantasy Family,magic wizard school friendship,Daniel Radcliffe|Emma Watson|Rupert Grint,Chris Columbus,A young wizard begins his education at a magical school. This new chapter explores another challenge involving the same themes.,7.54,14808
129,Star Wars The Legacy,Action Adventure Sci-Fi,space jedi rebellion empire,Mark Hamill|Harrison Ford|Carrie Fisher,George Lucas,A young hero joins a rebellion against a powerful space empire. This new chapter explores another challenge involving the same themes.,8.51,15769
130,Dune The Legacy,Sci-Fi Adventure Drama,desert space politics prophecy,Timothee Chalamet|Zendaya|Rebecca Ferguson,Denis Villeneuve,A young noble enters a dangerous desert world filled with political conflict. This new chapter explores another challenge involving the same themes.,7.93,15413
131,The Martian The Legacy,Sci-Fi Adventure Drama,mars astronaut survival space,Matt Damon|Jessica Chastain|Jeff Daniels,Ridley Scott,An astronaut stranded on Mars uses science and determination to survive. This new chapter explores another challenge involving the same themes.,7.9,15525
132,Gravity The Legacy,Sci-Fi Thriller Drama,space astronaut survival,Sandra Bullock|George Clooney|Ed Harris,Alfonso Cuaron,Astronauts struggle to survive after an accident in orbit. This new chapter explores another challenge involving the same themes.,7.62,15424
133,Top Gun Maverick The Legacy,Action Drama,fighter pilot aviation military,Tom Cruise|Miles Teller|Jennifer Connelly,Joseph Kosinski,An experienced pilot trains a new generation for a dangerous mission. This new chapter explores another challenge involving the same themes.,8.14,16003
134,John Wick The Legacy,Action Thriller Crime,assassin revenge gunfight,Keanu Reeves|Ian McShane|Willem Dafoe,Chad Stahelski,A retired assassin returns to action after a personal loss. This new chapter explores another challenge involving the same themes.,7.31,15434
135,Mad Max Fury Road The Legacy,Action Adventure Sci-Fi,desert survival chase dystopia,Tom Hardy|Charlize Theron|Nicholas Hoult,George Miller,A group escapes across a dangerous post-apocalyptic desert. This new chapter explores another challenge involving the same themes.,8.03,16183
136,The Hunger Games The Legacy,Action Adventure Sci-Fi Drama,dystopia survival competition rebellion,Jennifer Lawrence|Josh Hutcherson|Woody Harrelson,Gary Ross,A young woman enters a dangerous televised survival competition. This new chapter explores another challenge involving the same themes.,7.1,15530
137,Ready Player One The Legacy,Action Adventure Sci-Fi,virtual reality gaming future,Tye Sheridan|Olivia Cooke|Ben Mendelsohn,Steven Spielberg,A teenager enters a huge virtual world to compete for a valuable prize. This new chapter explores another challenge involving the same themes.,7.32,15854
138,Free Guy The Legacy,Action Comedy Sci-Fi,video game virtual world hero,Ryan Reynolds|Jodie Comer|Taika Waititi,Shawn Levy,A bank employee discovers that he is a character in a video game. This new chapter explores another challenge involving the same themes.,7.04,15753
139,The Social Network The Legacy,Drama Biography,technology startup friendship,Jesse Eisenberg|Andrew Garfield|Justin Timberlake,David Fincher,A college student creates a social network that changes the world. This new chapter explores another challenge involving the same themes.,7.71,16459
140,Oppenheimer The Legacy,Drama Biography History,science atomic bomb war scientist,Cillian Murphy|Emily Blunt|Robert Downey Jr,Christopher Nolan,A scientist leads a major wartime research project with historic consequences. This new chapter explores another challenge involving the same themes.,8.53,17293
141,The Pursuit of Happyness The Legacy,Drama Biography Family,career father son motivation,Will Smith|Jaden Smith|Thandiwe Newton,Gabriele Muccino,A struggling father works hard to build a better future for his son. This new chapter explores another challenge involving the same themes.,7.9,16895
142,Forrest Gump The Legacy,Drama Romance Comedy,life friendship history journey,Tom Hanks|Robin Wright|Gary Sinise,Robert Zemeckis,A kind man experiences major events while following his own path. This new chapter explores another challenge involving the same themes.,8.72,17729
143,The Shawshank Redemption The Legacy,Drama Crime,prison friendship hope,Tim Robbins|Morgan Freeman|Bob Gunton,Frank Darabont,A prisoner builds friendship and hope while serving a long sentence. This new chapter explores another challenge involving the same themes.,9.24,18308
144,Good Will Hunting The Legacy,Drama Romance,genius friendship mathematics,Matt Damon|Robin Williams|Ben Affleck,Gus Van Sant,A gifted young man receives guidance while dealing with personal struggles. This new chapter explores another challenge involving the same themes.,8.21,17569
145,La La Land The Legacy,Comedy Drama Romance,music jazz dreams love,Ryan Gosling|Emma Stone|John Legend,Damien Chazelle,Two artists pursue their dreams while falling in love in Los Angeles. This new chapter explores another challenge involving the same themes.,7.93,17468
146,The Notebook The Legacy,Drama Romance,love relationship memory,Ryan Gosling|Rachel McAdams|James Garner,Nick Cassavetes,A lifelong love story is remembered through an old notebook. This new chapter explores another challenge involving the same themes.,7.7,17410
147,Knives Out The Legacy,Comedy Crime Mystery,detective murder mansion family,Daniel Craig|Ana de Armas|Chris Evans,Rian Johnson,A detective investigates a mysterious death inside a wealthy family. This new chapter explores another challenge involving the same themes.,7.82,7649
148,The Conjuring The Legacy,Horror Mystery Thriller,haunted house ghost family,Vera Farmiga|Patrick Wilson|Lili Taylor,James Wan,Paranormal investigators help a family facing supernatural activity. This new chapter explores another challenge involving the same themes.,7.44,7463
149,A Quiet Place The Legacy,Horror Sci-Fi Thriller,monsters survival family silence,Emily Blunt|John Krasinski|Millicent Simmonds,John Krasinski,A family survives in silence while dangerous creatures hunt by sound. This new chapter explores another challenge involving the same themes.,7.41,7574
150,Get Out The Legacy,Horror Mystery Thriller,family hypnosis mystery,Daniel Kaluuya|Allison Williams|Bradley Whitford,Jordan Peele,A young man discovers disturbing secrets while visiting his girlfriend's family. This new chapter explores another challenge involving the same themes.,7.63,7898
151,Train to Busan The Legacy,Action Horror Thriller,zombies train survival outbreak,Gong Yoo|Jung Yu-mi|Ma Dong-seok,Yeon Sang-ho,Passengers fight to survive a zombie outbreak aboard a train. This new chapter explores another challenge involving the same themes.,7.5,7925
152,The Grand Budapest Hotel The Legacy,Comedy Drama Adventure,hotel friendship mystery europe,Ralph Fiennes|Tony Revolori|Adrien Brody,Wes Anderson,A hotel concierge and his young assistant become involved in a mysterious adventure. This new chapter explores another challenge involving the same themes.,8.02,8504
153,Catch Me If You Can The Legacy,Crime Drama Biography,con artist FBI identity fraud,Leonardo DiCaprio|Tom Hanks|Christopher Walken,Steven Spielberg,A young con artist stays ahead of an FBI agent while changing identities. This new chapter explores another challenge involving the same themes.,8.04,8657
154,The Departed The Legacy,Crime Drama Thriller,police mafia undercover crime,Leonardo DiCaprio|Matt Damon|Jack Nicholson,Martin Scorsese,An undercover police officer and a criminal informant work inside rival organizations. This new chapter explores another challenge involving the same themes.,8.41,9109
155,Fight Club The Legacy,Drama Thriller,identity rebellion friendship underground,Brad Pitt|Edward Norton|Helena Bonham Carter,David Fincher,A dissatisfied worker forms an underground club that grows beyond control. This new chapter explores another challenge involving the same themes.,8.73,9518
156,The Prestige The Legacy,Drama Mystery Sci-Fi,magic rivalry illusion obsession,Christian Bale|Hugh Jackman|Scarlett Johansson,Christopher Nolan,Two rival magicians become obsessed with creating the perfect illusion. This new chapter explores another challenge involving the same themes.,8.4,9375
157,Memento The Legacy,Mystery Thriller Drama,memory detective revenge crime,Guy Pearce|Carrie-Anne Moss|Joe Pantoliano,Christopher Nolan,A man with short-term memory loss investigates a mysterious crime. This new chapter explores another challenge involving the same themes.,8.32,9444
158,The Truman Show The Legacy,Comedy Drama Sci-Fi,television reality life mystery,Jim Carrey|Laura Linney|Ed Harris,Peter Weir,A man slowly discovers that his entire life is being filmed for television. This new chapter explores another challenge involving the same themes.,8.14,9428
159,Back to the Future The Legacy,Adventure Comedy Sci-Fi,time travel car teenager,Michael J Fox|Christopher Lloyd|Lea Thompson,Robert Zemeckis,A teenager travels through time using a modified car. This new chapter explores another challenge involving the same themes.,8.41,9794
160,Alien The Legacy,Horror Sci-Fi Thriller,space creature survival crew,Sigourney Weaver|Tom Skerritt|John Hurt,Ridley Scott,A space crew encounters a deadly creature aboard their spacecraft. This new chapter explores another challenge involving the same themes.,8.43,9948
161,Edge of Tomorrow The Legacy,Action Sci-Fi,time loop alien war soldier,Tom Cruise|Emily Blunt|Bill Paxton,Doug Liman,A soldier relives the same battle repeatedly while fighting an alien invasion. This new chapter explores another challenge involving the same themes.,7.8,9550
162,Pacific Rim The Legacy,Action Sci-Fi Adventure,robots monsters ocean battle,Charlie Hunnam|Idris Elba|Rinko Kikuchi,Guillermo del Toro,Giant robots fight enormous creatures emerging from the ocean. This new chapter explores another challenge involving the same themes.,6.82,8854
163,Men in Black The Legacy,Action Comedy Sci-Fi,aliens secret agents government,Will Smith|Tommy Lee Jones|Linda Fiorentino,Barry Sonnenfeld,Secret agents protect Earth from hidden alien activity. This new chapter explores another challenge involving the same themes.,7.24,9348
164,E.T. The Legacy,Adventure Sci-Fi Family,alien friendship children space,Henry Thomas|Drew Barrymore|Dee Wallace,Steven Spielberg,A child helps a stranded alien return home. This new chapter explores another challenge involving the same themes.,7.81,9969
165,Toy Story The Legacy,Animation Comedy Adventure,toys friendship childhood,Tom Hanks|Tim Allen|Don Rickles,John Lasseter,Living toys learn about friendship when a new toy arrives. This new chapter explores another challenge involving the same themes.,8.23,10463
166,Finding Nemo The Legacy,Animation Adventure Comedy,ocean fish family friendship,Albert Brooks|Ellen DeGeneres|Alexander Gould,Andrew Stanton,A father fish crosses the ocean to find his missing son. This new chapter explores another challenge involving the same themes.,8.1,10490
167,The Lion King The Legacy,Animation Adventure Drama,lion family kingdom friendship,Matthew Broderick|Jeremy Irons|James Earl Jones,Roger Allers,A young lion learns to accept his responsibility as king. This new chapter explores another challenge involving the same themes.,8.42,10899
168,Coco The Legacy,Animation Adventure Fantasy,music family mexico memory,Anthony Gonzalez|Gael Garcia Bernal|Benjamin Bratt,Lee Unkrich,A young musician enters the world of the dead to discover his family history. This new chapter explores another challenge involving the same themes.,8.34,10968
169,Inside Out The Legacy,Animation Comedy Drama,emotions childhood family,Amy Poehler|Phyllis Smith|Bill Hader,Pete Docter,A girl's emotions help her adapt to a major change in her life. This new chapter explores another challenge involving the same themes.,8.01,10824
170,Up The Legacy,Animation Adventure Comedy,house journey friendship,Ed Asner|Christopher Plummer|Jordan Nagai,Pete Docter,An elderly man travels to a distant place with a young companion. This new chapter explores another challenge involving the same themes.,8.23,11148
171,Ratatouille The Legacy,Animation Comedy Drama,cooking chef paris food,Patton Oswalt|Ian Holm|Lou Romano,Brad Bird,A talented rat dreams of becoming a chef in Paris. This new chapter explores another challenge involving the same themes.,8.0,11090
172,Avatar The Return,Action Adventure Fantasy,alien planet space survival,Sam Worthington|Zoe Saldana|Sigourney Weaver,James Cameron,A marine joins an alien world and fights to protect its people. This new chapter explores another challenge involving the same themes.,7.67,10946
173,Titanic The Return,Drama Romance,love ship ocean tragedy,Leonardo DiCaprio|Kate Winslet|Billy Zane,James Cameron,A young couple falls in love aboard a famous ocean liner. This new chapter explores another challenge involving the same themes.,7.79,11185
174,The Avengers The Return,Action Adventure Sci-Fi,superhero marvel team alien,Robert Downey Jr|Chris Evans|Scarlett Johansson,Joss Whedon,Superheroes join forces to protect Earth from a powerful enemy. This new chapter explores another challenge involving the same themes.,7.86,11382
175,Iron Man The Return,Action Adventure Sci-Fi,superhero technology armor marvel,Robert Downey Jr|Gwyneth Paltrow|Jeff Bridges,Jon Favreau,A genius inventor creates a powerful armored suit. This new chapter explores another challenge involving the same themes.,7.78,11451
176,Interstellar The Return,Sci-Fi Drama Adventure,space astronaut planet time,Matthew McConaughey|Anne Hathaway|Jessica Chastain,Christopher Nolan,Astronauts travel through space searching for a new home for humanity. This new chapter explores another challenge involving the same themes.,8.55,12242
177,Inception The Return,Action Sci-Fi Thriller,dream heist mind technology,Leonardo DiCaprio|Joseph Gordon-Levitt|Tom Hardy,Christopher Nolan,A skilled thief enters dreams to steal valuable information. This new chapter explores another challenge involving the same themes.,8.67,12481
178,The Dark Knight The Return,Action Crime Drama,batman joker superhero crime,Christian Bale|Heath Ledger|Gary Oldman,Christopher Nolan,Batman faces a dangerous criminal who creates chaos in Gotham. This new chapter explores another challenge involving the same themes.,8.89,12805
179,Jurassic Park The Return,Adventure Sci-Fi Thriller,dinosaurs island science survival,Sam Neill|Laura Dern|Jeff Goldblum,Steven Spielberg,Scientists create a dinosaur park that becomes dangerously uncontrollable. This new chapter explores another challenge involving the same themes.,8.06,12237
180,The Matrix The Return,Action Sci-Fi Thriller,computer virtual reality hacker,Keanu Reeves|Laurence Fishburne|Carrie-Anne Moss,The Wachowskis,A computer hacker discovers that reality is a sophisticated simulation. This new chapter explores another challenge involving the same themes.,8.58,12816
181,Guardians of the Galaxy The Return,Action Adventure Sci-Fi Comedy,space superhero marvel team,Chris Pratt|Zoe Saldana|Dave Bautista,James Gunn,A group of unusual heroes protects the galaxy from a powerful threat. This new chapter explores another challenge involving the same themes.,7.85,12332
182,Doctor Strange The Return,Action Adventure Fantasy,magic superhero marvel multiverse,Benedict Cumberbatch|Rachel McAdams|Chiwetel Ejiofor,Scott Derrickson,A surgeon learns mystical powers and protects reality from magical threats. This new chapter explores another challenge involving the same themes.,7.37,12061
183,Black Panther The Return,Action Adventure Sci-Fi,superhero wakanda africa marvel,Chadwick Boseman|Michael B Jordan|Lupita Nyongo,Ryan Coogler,A new king protects Wakanda from an ambitious rival. This new chapter explores another challenge involving the same themes.,7.19,12045
184,The Lord of the Rings The Return,Adventure Fantasy Drama,magic ring middle earth quest,Elijah Wood|Ian McKellen|Viggo Mortensen,Peter Jackson,A young hobbit begins a dangerous quest to destroy a powerful ring. This new chapter explores another challenge involving the same themes.,8.66,13432
185,Harry Potter The Return,Adventure Fantasy Family,magic wizard school friendship,Daniel Radcliffe|Emma Watson|Rupert Grint,Chris Columbus,A young wizard begins his education at a magical school. This new chapter explores another challenge involving the same themes.,7.48,12566
186,Star Wars The Return,Action Adventure Sci-Fi,space jedi rebellion empire,Mark Hamill|Harrison Ford|Carrie Fisher,George Lucas,A young hero joins a rebellion against a powerful space empire. This new chapter explores another challenge involving the same themes.,8.45,13527
187,Dune The Return,Sci-Fi Adventure Drama,desert space politics prophecy,Timothee Chalamet|Zendaya|Rebecca Ferguson,Denis Villeneuve,A young noble enters a dangerous desert world filled with political conflict. This new chapter explores another challenge involving the same themes.,7.87,13171
188,The Martian The Return,Sci-Fi Adventure Drama,mars astronaut survival space,Matt Damon|Jessica Chastain|Jeff Daniels,Ridley Scott,An astronaut stranded on Mars uses science and determination to survive. This new chapter explores another challenge involving the same themes.,7.89,13325
189,Gravity The Return,Sci-Fi Thriller Drama,space astronaut survival,Sandra Bullock|George Clooney|Ed Harris,Alfonso Cuaron,Astronauts struggle to survive after an accident in orbit. This new chapter explores another challenge involving the same themes.,7.56,13182
190,Top Gun Maverick The Return,Action Drama,fighter pilot aviation military,Tom Cruise|Miles Teller|Jennifer Connelly,Joseph Kosinski,An experienced pilot trains a new generation for a dangerous mission. This new chapter explores another challenge involving the same themes.,8.08,13761
191,John Wick The Return,Action Thriller Crime,assassin revenge gunfight,Keanu Reeves|Ian McShane|Willem Dafoe,Chad Stahelski,A retired assassin returns to action after a personal loss. This new chapter explores another challenge involving the same themes.,7.25,13192
192,Mad Max Fury Road The Return,Action Adventure Sci-Fi,desert survival chase dystopia,Tom Hardy|Charlize Theron|Nicholas Hoult,George Miller,A group escapes across a dangerous post-apocalyptic desert. This new chapter explores another challenge involving the same themes.,7.97,13941
193,The Hunger Games The Return,Action Adventure Sci-Fi Drama,dystopia survival competition rebellion,Jennifer Lawrence|Josh Hutcherson|Woody Harrelson,Gary Ross,A young woman enters a dangerous televised survival competition. This new chapter explores another challenge involving the same themes.,7.09,13330
194,Ready Player One The Return,Action Adventure Sci-Fi,virtual reality gaming future,Tye Sheridan|Olivia Cooke|Ben Mendelsohn,Steven Spielberg,A teenager enters a huge virtual world to compete for a valuable prize. This new chapter explores another challenge involving the same themes.,7.26,13612
195,Free Guy The Return,Action Comedy Sci-Fi,video game virtual world hero,Ryan Reynolds|Jodie Comer|Taika Waititi,Shawn Levy,A bank employee discovers that he is a character in a video game. This new chapter explores another challenge involving the same themes.,6.98,13511
196,The Social Network The Return,Drama Biography,technology startup friendship,Jesse Eisenberg|Andrew Garfield|Justin Timberlake,David Fincher,A college student creates a social network that changes the world. This new chapter explores another challenge involving the same themes.,7.65,14217
197,Oppenheimer The Return,Drama Biography History,science atomic bomb war scientist,Cillian Murphy|Emily Blunt|Robert Downey Jr,Christopher Nolan,A scientist leads a major wartime research project with historic consequences. This new chapter explores another challenge involving the same themes.,8.47,15051
198,The Pursuit of Happyness The Return,Drama Biography Family,career father son motivation,Will Smith|Jaden Smith|Thandiwe Newton,Gabriele Muccino,A struggling father works hard to build a better future for his son. This new chapter explores another challenge involving the same themes.,7.89,14695
199,Forrest Gump The Return,Drama Romance Comedy,life friendship history journey,Tom Hanks|Robin Wright|Gary Sinise,Robert Zemeckis,A kind man experiences major events while following his own path. This new chapter explores another challenge involving the same themes.,8.66,15487
200,The Shawshank Redemption The Return,Drama Crime,prison friendship hope,Tim Robbins|Morgan Freeman|Bob Gunton,Frank Darabont,A prisoner builds friendship and hope while serving a long sentence. This new chapter explores another challenge involving the same themes.,9.18,16066
201,Good Will Hunting The Return,Drama Romance,genius friendship mathematics,Matt Damon|Robin Williams|Ben Affleck,Gus Van Sant,A gifted young man receives guidance while dealing with personal struggles. This new chapter explores another challenge involving the same themes.,8.15,15327
202,La La Land The Return,Comedy Drama Romance,music jazz dreams love,Ryan Gosling|Emma Stone|John Legend,Damien Chazelle,Two artists pursue their dreams while falling in love in Los Angeles. This new chapter explores another challenge involving the same themes.,7.87,15226
203,The Notebook The Return,Drama Romance,love relationship memory,Ryan Gosling|Rachel McAdams|James Garner,Nick Cassavetes,A lifelong love story is remembered through an old notebook. This new chapter explores another challenge involving the same themes.,7.69,15210
204,Knives Out The Return,Comedy Crime Mystery,detective murder mansion family,Daniel Craig|Ana de Armas|Chris Evans,Rian Johnson,A detective investigates a mysterious death inside a wealthy family. This new chapter explores another challenge involving the same themes.,7.76,15407
205,The Conjuring The Return,Horror Mystery Thriller,haunted house ghost family,Vera Farmiga|Patrick Wilson|Lili Taylor,James Wan,Paranormal investigators help a family facing supernatural activity. This new chapter explores another challenge involving the same themes.,7.38,15221
206,A Quiet Place The Return,Horror Sci-Fi Thriller,monsters survival family silence,Emily Blunt|John Krasinski|Millicent Simmonds,John Krasinski,A family survives in silence while dangerous creatures hunt by sound. This new chapter explores another challenge involving the same themes.,7.35,15332
207,Get Out The Return,Horror Mystery Thriller,family hypnosis mystery,Daniel Kaluuya|Allison Williams|Bradley Whitford,Jordan Peele,A young man discovers disturbing secrets while visiting his girlfriend's family. This new chapter explores another challenge involving the same themes.,7.57,15656
208,Train to Busan The Return,Action Horror Thriller,zombies train survival outbreak,Gong Yoo|Jung Yu-mi|Ma Dong-seok,Yeon Sang-ho,Passengers fight to survive a zombie outbreak aboard a train. This new chapter explores another challenge involving the same themes.,7.49,15725
209,The Grand Budapest Hotel The Return,Comedy Drama Adventure,hotel friendship mystery europe,Ralph Fiennes|Tony Revolori|Adrien Brody,Wes Anderson,A hotel concierge and his young assistant become involved in a mysterious adventure. This new chapter explores another challenge involving the same themes.,7.96,16262
210,Catch Me If You Can The Return,Crime Drama Biography,con artist FBI identity fraud,Leonardo DiCaprio|Tom Hanks|Christopher Walken,Steven Spielberg,A young con artist stays ahead of an FBI agent while changing identities. This new chapter explores another challenge involving the same themes.,7.98,16416
211,The Departed The Return,Crime Drama Thriller,police mafia undercover crime,Leonardo DiCaprio|Matt Damon|Jack Nicholson,Martin Scorsese,An undercover police officer and a criminal informant work inside rival organizations. This new chapter explores another challenge involving the same themes.,8.35,16867
212,Fight Club The Return,Drama Thriller,identity rebellion friendship underground,Brad Pitt|Edward Norton|Helena Bonham Carter,David Fincher,A dissatisfied worker forms an underground club that grows beyond control. This new chapter explores another challenge involving the same themes.,8.67,17276
213,The Prestige The Return,Drama Mystery Sci-Fi,magic rivalry illusion obsession,Christian Bale|Hugh Jackman|Scarlett Johansson,Christopher Nolan,Two rival magicians become obsessed with creating the perfect illusion. This new chapter explores another challenge involving the same themes.,8.39,17175
214,Memento The Return,Mystery Thriller Drama,memory detective revenge crime,Guy Pearce|Carrie-Anne Moss|Joe Pantoliano,Christopher Nolan,A man with short-term memory loss investigates a mysterious crime. This new chapter explores another challenge involving the same themes.,8.26,17202
215,The Truman Show The Return,Comedy Drama Sci-Fi,television reality life mystery,Jim Carrey|Laura Linney|Ed Harris,Peter Weir,A man slowly discovers that his entire life is being filmed for television. This new chapter explores another challenge involving the same themes.,8.08,17186
216,Back to the Future The Return,Adventure Comedy Sci-Fi,time travel car teenager,Michael J Fox|Christopher Lloyd|Lea Thompson,Robert Zemeckis,A teenager travels through time using a modified car. This new chapter explores another challenge involving the same themes.,8.35,17552
217,Alien The Return,Horror Sci-Fi Thriller,space creature survival crew,Sigourney Weaver|Tom Skerritt|John Hurt,Ridley Scott,A space crew encounters a deadly creature aboard their spacecraft. This new chapter explores another challenge involving the same themes.,8.37,17706
218,Edge of Tomorrow The Return,Action Sci-Fi,time loop alien war soldier,Tom Cruise|Emily Blunt|Bill Paxton,Doug Liman,A soldier relives the same battle repeatedly while fighting an alien invasion. This new chapter explores another challenge involving the same themes.,7.79,17350
219,Pacific Rim The Return,Action Sci-Fi Adventure,robots monsters ocean battle,Charlie Hunnam|Idris Elba|Rinko Kikuchi,Guillermo del Toro,Giant robots fight enormous creatures emerging from the ocean. This new chapter explores another challenge involving the same themes.,6.76,16612
220,Men in Black The Return,Action Comedy Sci-Fi,aliens secret agents government,Will Smith|Tommy Lee Jones|Linda Fiorentino,Barry Sonnenfeld,Secret agents protect Earth from hidden alien activity. This new chapter explores another challenge involving the same themes.,7.18,7106
221,E.T. The Return,Adventure Sci-Fi Family,alien friendship children space,Henry Thomas|Drew Barrymore|Dee Wallace,Steven Spielberg,A child helps a stranded alien return home. This new chapter explores another challenge involving the same themes.,7.75,7727
222,Toy Story The Return,Animation Comedy Adventure,toys friendship childhood,Tom Hanks|Tim Allen|Don Rickles,John Lasseter,Living toys learn about friendship when a new toy arrives. This new chapter explores another challenge involving the same themes.,8.17,8221
223,Finding Nemo The Return,Animation Adventure Comedy,ocean fish family friendship,Albert Brooks|Ellen DeGeneres|Alexander Gould,Andrew Stanton,A father fish crosses the ocean to find his missing son. This new chapter explores another challenge involving the same themes.,8.09,8290
224,The Lion King The Return,Animation Adventure Drama,lion family kingdom friendship,Matthew Broderick|Jeremy Irons|James Earl Jones,Roger Allers,A young lion learns to accept his responsibility as king. This new chapter explores another challenge involving the same themes.,8.36,8656
225,Coco The Return,Animation Adventure Fantasy,music family mexico memory,Anthony Gonzalez|Gael Garcia Bernal|Benjamin Bratt,Lee Unkrich,A young musician enters the world of the dead to discover his family history. This new chapter explores another challenge involving the same themes.,8.28,8725
226,Inside Out The Return,Animation Comedy Drama,emotions childhood family,Amy Poehler|Phyllis Smith|Bill Hader,Pete Docter,A girl's emotions help her adapt to a major change in her life. This new chapter explores another challenge involving the same themes.,7.95,8582
227,Up The Return,Animation Adventure Comedy,house journey friendship,Ed Asner|Christopher Plummer|Jordan Nagai,Pete Docter,An elderly man travels to a distant place with a young companion. This new chapter explores another challenge involving the same themes.,8.17,8906
228,Ratatouille The Return,Animation Comedy Drama,cooking chef paris food,Patton Oswalt|Ian Holm|Lou Romano,Brad Bird,A talented rat dreams of becoming a chef in Paris. This new chapter explores another challenge involving the same themes.,7.99,8890
229,Avatar The Beginning,Action Adventure Fantasy,alien planet space survival,Sam Worthington|Zoe Saldana|Sigourney Weaver,James Cameron,A marine joins an alien world and fights to protect its people. This new chapter explores another challenge involving the same themes.,7.61,8704
230,Titanic The Beginning,Drama Romance,love ship ocean tragedy,Leonardo DiCaprio|Kate Winslet|Billy Zane,James Cameron,A young couple falls in love aboard a famous ocean liner. This new chapter explores another challenge involving the same themes.,7.73,8943
231,The Avengers The Beginning,Action Adventure Sci-Fi,superhero marvel team alien,Robert Downey Jr|Chris Evans|Scarlett Johansson,Joss Whedon,Superheroes join forces to protect Earth from a powerful enemy. This new chapter explores another challenge involving the same themes.,7.8,9140
232,Iron Man The Beginning,Action Adventure Sci-Fi,superhero technology armor marvel,Robert Downey Jr|Gwyneth Paltrow|Jeff Bridges,Jon Favreau,A genius inventor creates a powerful armored suit. This new chapter explores another challenge involving the same themes.,7.72,9209
233,Interstellar The Beginning,Sci-Fi Drama Adventure,space astronaut planet time,Matthew McConaughey|Anne Hathaway|Jessica Chastain,Christopher Nolan,Astronauts travel through space searching for a new home for humanity. This new chapter explores another challenge involving the same themes.,8.54,10042
234,Inception The Beginning,Action Sci-Fi Thriller,dream heist mind technology,Leonardo DiCaprio|Joseph Gordon-Levitt|Tom Hardy,Christopher Nolan,A skilled thief enters dreams to steal valuable information. This new chapter explores another challenge involving the same themes.,8.61,10239
235,The Dark Knight The Beginning,Action Crime Drama,batman joker superhero crime,Christian Bale|Heath Ledger|Gary Oldman,Christopher Nolan,Batman faces a dangerous criminal who creates chaos in Gotham. This new chapter explores another challenge involving the same themes.,8.83,10563
236,Jurassic Park The Beginning,Adventure Sci-Fi Thriller,dinosaurs island science survival,Sam Neill|Laura Dern|Jeff Goldblum,Steven Spielberg,Scientists create a dinosaur park that becomes dangerously uncontrollable. This new chapter explores another challenge involving the same themes.,8.0,9995
237,The Matrix The Beginning,Action Sci-Fi Thriller,computer virtual reality hacker,Keanu Reeves|Laurence Fishburne|Carrie-Anne Moss,The Wachowskis,A computer hacker discovers that reality is a sophisticated simulation. This new chapter explores another challenge involving the same themes.,8.52,10574
238,Guardians of the Galaxy The Beginning,Action Adventure Sci-Fi Comedy,space superhero marvel team,Chris Pratt|Zoe Saldana|Dave Bautista,James Gunn,A group of unusual heroes protects the galaxy from a powerful threat. This new chapter explores another challenge involving the same themes.,7.84,10133
239,Doctor Strange The Beginning,Action Adventure Fantasy,magic superhero marvel multiverse,Benedict Cumberbatch|Rachel McAdams|Chiwetel Ejiofor,Scott Derrickson,A surgeon learns mystical powers and protects reality from magical threats. This new chapter explores another challenge involving the same themes.,7.31,9819
240,Black Panther The Beginning,Action Adventure Sci-Fi,superhero wakanda africa marvel,Chadwick Boseman|Michael B Jordan|Lupita Nyongo,Ryan Coogler,A new king protects Wakanda from an ambitious rival. This new chapter explores another challenge involving the same themes.,7.13,9803
241,The Lord of the Rings The Beginning,Adventure Fantasy Drama,magic ring middle earth quest,Elijah Wood|Ian McKellen|Viggo Mortensen,Peter Jackson,A young hobbit begins a dangerous quest to destroy a powerful ring. This new chapter explores another challenge involving the same themes.,8.6,11190
242,Harry Potter The Beginning,Adventure Fantasy Family,magic wizard school friendship,Daniel Radcliffe|Emma Watson|Rupert Grint,Chris Columbus,A young wizard begins his education at a magical school. This new chapter explores another challenge involving the same themes.,7.42,10324
243,Star Wars The Beginning,Action Adventure Sci-Fi,space jedi rebellion empire,Mark Hamill|Harrison Ford|Carrie Fisher,George Lucas,A young hero joins a rebellion against a powerful space empire. This new chapter explores another challenge involving the same themes.,8.44,11328
244,Dune The Beginning,Sci-Fi Adventure Drama,desert space politics prophecy,Timothee Chalamet|Zendaya|Rebecca Ferguson,Denis Villeneuve,A young noble enters a dangerous desert world filled with political conflict. This new chapter explores another challenge involving the same themes.,7.81,10929
245,The Martian The Beginning,Sci-Fi Adventure Drama,mars astronaut survival space,Matt Damon|Jessica Chastain|Jeff Daniels,Ridley Scott,An astronaut stranded on Mars uses science and determination to survive. This new chapter explores another challenge involving the same themes.,7.83,11083
246,Gravity The Beginning,Sci-Fi Thriller Drama,space astronaut survival,Sandra Bullock|George Clooney|Ed Harris,Alfonso Cuaron,Astronauts struggle to survive after an accident in orbit. This new chapter explores another challenge involving the same themes.,7.5,10940
247,Top Gun Maverick The Beginning,Action Drama,fighter pilot aviation military,Tom Cruise|Miles Teller|Jennifer Connelly,Joseph Kosinski,An experienced pilot trains a new generation for a dangerous mission. This new chapter explores another challenge involving the same themes.,8.02,11519
248,John Wick The Beginning,Action Thriller Crime,assassin revenge gunfight,Keanu Reeves|Ian McShane|Willem Dafoe,Chad Stahelski,A retired assassin returns to action after a personal loss. This new chapter explores another challenge involving the same themes.,7.24,10993
249,Mad Max Fury Road The Beginning,Action Adventure Sci-Fi,desert survival chase dystopia,Tom Hardy|Charlize Theron|Nicholas Hoult,George Miller,A group escapes across a dangerous post-apocalyptic desert. This new chapter explores another challenge involving the same themes.,7.91,11699
250,The Hunger Games The Beginning,Action Adventure Sci-Fi Drama,dystopia survival competition rebellion,Jennifer Lawrence|Josh Hutcherson|Woody Harrelson,Gary Ross,A young woman enters a dangerous televised survival competition. This new chapter explores another challenge involving the same themes.,7.03,11088
251,Ready Player One The Beginning,Action Adventure Sci-Fi,virtual reality gaming future,Tye Sheridan|Olivia Cooke|Ben Mendelsohn,Steven Spielberg,A teenager enters a huge virtual world to compete for a valuable prize. This new chapter explores another challenge involving the same themes.,7.2,11370
252,Free Guy The Beginning,Action Comedy Sci-Fi,video game virtual world hero,Ryan Reynolds|Jodie Comer|Taika Waititi,Shawn Levy,A bank employee discovers that he is a character in a video game. This new chapter explores another challenge involving the same themes.,6.92,11269
253,The Social Network The Beginning,Drama Biography,technology startup friendship,Jesse Eisenberg|Andrew Garfield|Justin Timberlake,David Fincher,A college student creates a social network that changes the world. This new chapter explores another challenge involving the same themes.,7.64,12018
254,Oppenheimer The Beginning,Drama Biography History,science atomic bomb war scientist,Cillian Murphy|Emily Blunt|Robert Downey Jr,Christopher Nolan,A scientist leads a major wartime research project with historic consequences. This new chapter explores another challenge involving the same themes.,8.41,12809
255,The Pursuit of Happyness The Beginning,Drama Biography Family,career father son motivation,Will Smith|Jaden Smith|Thandiwe Newton,Gabriele Muccino,A struggling father works hard to build a better future for his son. This new chapter explores another challenge involving the same themes.,7.83,12453
256,Forrest Gump The Beginning,Drama Romance Comedy,life friendship history journey,Tom Hanks|Robin Wright|Gary Sinise,Robert Zemeckis,A kind man experiences major events while following his own path. This new chapter explores another challenge involving the same themes.,8.6,13245
257,The Shawshank Redemption The Beginning,Drama Crime,prison friendship hope,Tim Robbins|Morgan Freeman|Bob Gunton,Frank Darabont,A prisoner builds friendship and hope while serving a long sentence. This new chapter explores another challenge involving the same themes.,9.12,13823
258,Good Will Hunting The Beginning,Drama Romance,genius friendship mathematics,Matt Damon|Robin Williams|Ben Affleck,Gus Van Sant,A gifted young man receives guidance while dealing with personal struggles. This new chapter explores another challenge involving the same themes.,8.14,13128
259,La La Land The Beginning,Comedy Drama Romance,music jazz dreams love,Ryan Gosling|Emma Stone|John Legend,Damien Chazelle,Two artists pursue their dreams while falling in love in Los Angeles. This new chapter explores another challenge involving the same themes.,7.81,12984
260,The Notebook The Beginning,Drama Romance,love relationship memory,Ryan Gosling|Rachel McAdams|James Garner,Nick Cassavetes,A lifelong love story is remembered through an old notebook. This new chapter explores another challenge involving the same themes.,7.63,12968
261,Knives Out The Beginning,Comedy Crime Mystery,detective murder mansion family,Daniel Craig|Ana de Armas|Chris Evans,Rian Johnson,A detective investigates a mysterious death inside a wealthy family. This new chapter explores another challenge involving the same themes.,7.7,13165
262,The Conjuring The Beginning,Horror Mystery Thriller,haunted house ghost family,Vera Farmiga|Patrick Wilson|Lili Taylor,James Wan,Paranormal investigators help a family facing supernatural activity. This new chapter explores another challenge involving the same themes.,7.32,12979
263,A Quiet Place The Beginning,Horror Sci-Fi Thriller,monsters survival family silence,Emily Blunt|John Krasinski|Millicent Simmonds,John Krasinski,A family survives in silence while dangerous creatures hunt by sound. This new chapter explores another challenge involving the same themes.,7.34,13133
264,Get Out The Beginning,Horror Mystery Thriller,family hypnosis mystery,Daniel Kaluuya|Allison Williams|Bradley Whitford,Jordan Peele,A young man discovers disturbing secrets while visiting his girlfriend's family. This new chapter explores another challenge involving the same themes.,7.51,13414
265,Train to Busan The Beginning,Action Horror Thriller,zombies train survival outbreak,Gong Yoo|Jung Yu-mi|Ma Dong-seok,Yeon Sang-ho,Passengers fight to survive a zombie outbreak aboard a train. This new chapter explores another challenge involving the same themes.,7.43,13483
266,The Grand Budapest Hotel The Beginning,Comedy Drama Adventure,hotel friendship mystery europe,Ralph Fiennes|Tony Revolori|Adrien Brody,Wes Anderson,A hotel concierge and his young assistant become involved in a mysterious adventure. This new chapter explores another challenge involving the same themes.,7.9,14020
267,Catch Me If You Can The Beginning,Crime Drama Biography,con artist FBI identity fraud,Leonardo DiCaprio|Tom Hanks|Christopher Walken,Steven Spielberg,A young con artist stays ahead of an FBI agent while changing identities. This new chapter explores another challenge involving the same themes.,7.92,14174
268,The Departed The Beginning,Crime Drama Thriller,police mafia undercover crime,Leonardo DiCaprio|Matt Damon|Jack Nicholson,Martin Scorsese,An undercover police officer and a criminal informant work inside rival organizations. This new chapter explores another challenge involving the same themes.,8.34,14668
269,Fight Club The Beginning,Drama Thriller,identity rebellion friendship underground,Brad Pitt|Edward Norton|Helena Bonham Carter,David Fincher,A dissatisfied worker forms an underground club that grows beyond control. This new chapter explores another challenge involving the same themes.,8.61,15034
270,The Prestige The Beginning,Drama Mystery Sci-Fi,magic rivalry illusion obsession,Christian Bale|Hugh Jackman|Scarlett Johansson,Christopher Nolan,Two rival magicians become obsessed with creating the perfect illusion. This new chapter explores another challenge involving the same themes.,8.33,14933
271,Memento The Beginning,Mystery Thriller Drama,memory detective revenge crime,Guy Pearce|Carrie-Anne Moss|Joe Pantoliano,Christopher Nolan,A man with short-term memory loss investigates a mysterious crime. This new chapter explores another challenge involving the same themes.,8.2,14959
272,The Truman Show The Beginning,Comedy Drama Sci-Fi,television reality life mystery,Jim Carrey|Laura Linney|Ed Harris,Peter Weir,A man slowly discovers that his entire life is being filmed for television. This new chapter explores another challenge involving the same themes.,8.02,14944
273,Back to the Future The Beginning,Adventure Comedy Sci-Fi,time travel car teenager,Michael J Fox|Christopher Lloyd|Lea Thompson,Robert Zemeckis,A teenager travels through time using a modified car. This new chapter explores another challenge involving the same themes.,8.34,15353
274,Alien The Beginning,Horror Sci-Fi Thriller,space creature survival crew,Sigourney Weaver|Tom Skerritt|John Hurt,Ridley Scott,A space crew encounters a deadly creature aboard their spacecraft. This new chapter explores another challenge involving the same themes.,8.31,15464
275,Edge of Tomorrow The Beginning,Action Sci-Fi,time loop alien war soldier,Tom Cruise|Emily Blunt|Bill Paxton,Doug Liman,A soldier relives the same battle repeatedly while fighting an alien invasion. This new chapter explores another challenge involving the same themes.,7.73,15108
276,Pacific Rim The Beginning,Action Sci-Fi Adventure,robots monsters ocean battle,Charlie Hunnam|Idris Elba|Rinko Kikuchi,Guillermo del Toro,Giant robots fight enormous creatures emerging from the ocean. This new chapter explores another challenge involving the same themes.,6.7,14370
277,Men in Black The Beginning,Action Comedy Sci-Fi,aliens secret agents government,Will Smith|Tommy Lee Jones|Linda Fiorentino,Barry Sonnenfeld,Secret agents protect Earth from hidden alien activity. This new chapter explores another challenge involving the same themes.,7.12,14864
278,E.T. The Beginning,Adventure Sci-Fi Family,alien friendship children space,Henry Thomas|Drew Barrymore|Dee Wallace,Steven Spielberg,A child helps a stranded alien return home. This new chapter explores another challenge involving the same themes.,7.74,15528
279,Toy Story The Beginning,Animation Comedy Adventure,toys friendship childhood,Tom Hanks|Tim Allen|Don Rickles,John Lasseter,Living toys learn about friendship when a new toy arrives. This new chapter explores another challenge involving the same themes.,8.11,15979
280,Finding Nemo The Beginning,Animation Adventure Comedy,ocean fish family friendship,Albert Brooks|Ellen DeGeneres|Alexander Gould,Andrew Stanton,A father fish crosses the ocean to find his missing son. This new chapter explores another challenge involving the same themes.,8.03,16048
281,The Lion King The Beginning,Animation Adventure Drama,lion family kingdom friendship,Matthew Broderick|Jeremy Irons|James Earl Jones,Roger Allers,A young lion learns to accept his responsibility as king. This new chapter explores another challenge involving the same themes.,8.3,16415
282,Coco The Beginning,Animation Adventure Fantasy,music family mexico memory,Anthony Gonzalez|Gael Garcia Bernal|Benjamin Bratt,Lee Unkrich,A young musician enters the world of the dead to discover his family history. This new chapter explores another challenge involving the same themes.,8.22,16484
283,Inside Out The Beginning,Animation Comedy Drama,emotions childhood family,Amy Poehler|Phyllis Smith|Bill Hader,Pete Docter,A girl's emotions help her adapt to a major change in her life. This new chapter explores another challenge involving the same themes.,7.94,16383
284,Up The Beginning,Animation Adventure Comedy,house journey friendship,Ed Asner|Christopher Plummer|Jordan Nagai,Pete Docter,An elderly man travels to a distant place with a young companion. This new chapter explores another challenge involving the same themes.,8.11,16664
285,Ratatouille The Beginning,Animation Comedy Drama,cooking chef paris food,Patton Oswalt|Ian Holm|Lou Romano,Brad Bird,A talented rat dreams of becoming a chef in Paris. This new chapter explores another challenge involving the same themes.,7.93,16648
286,Avatar The Final Mission,Action Adventure Fantasy,alien planet space survival,Sam Worthington|Zoe Saldana|Sigourney Weaver,James Cameron,A marine joins an alien world and fights to protect its people. This new chapter explores another challenge involving the same themes.,7.55,16462
287,Titanic The Final Mission,Drama Romance,love ship ocean tragedy,Leonardo DiCaprio|Kate Winslet|Billy Zane,James Cameron,A young couple falls in love aboard a famous ocean liner. This new chapter explores another challenge involving the same themes.,7.67,16701
288,The Avengers The Final Mission,Action Adventure Sci-Fi,superhero marvel team alien,Robert Downey Jr|Chris Evans|Scarlett Johansson,Joss Whedon,Superheroes join forces to protect Earth from a powerful enemy. This new chapter explores another challenge involving the same themes.,7.79,16940
289,Iron Man The Final Mission,Action Adventure Sci-Fi,superhero technology armor marvel,Robert Downey Jr|Gwyneth Paltrow|Jeff Bridges,Jon Favreau,A genius inventor creates a powerful armored suit. This new chapter explores another challenge involving the same themes.,7.66,16967
290,Interstellar The Final Mission,Sci-Fi Drama Adventure,space astronaut planet time,Matthew McConaughey|Anne Hathaway|Jessica Chastain,Christopher Nolan,Astronauts travel through space searching for a new home for humanity. This new chapter explores another challenge involving the same themes.,8.48,17801
291,Inception The Final Mission,Action Sci-Fi Thriller,dream heist mind technology,Leonardo DiCaprio|Joseph Gordon-Levitt|Tom Hardy,Christopher Nolan,A skilled thief enters dreams to steal valuable information. This new chapter explores another challenge involving the same themes.,8.55,17997
292,The Dark Knight The Final Mission,Action Crime Drama,batman joker superhero crime,Christian Bale|Heath Ledger|Gary Oldman,Christopher Nolan,Batman faces a dangerous criminal who creates chaos in Gotham. This new chapter explores another challenge involving the same themes.,8.77,18321
293,Jurassic Park The Final Mission,Adventure Sci-Fi Thriller,dinosaurs island science survival,Sam Neill|Laura Dern|Jeff Goldblum,Steven Spielberg,Scientists create a dinosaur park that becomes dangerously uncontrollable. This new chapter explores another challenge involving the same themes.,7.99,7795
294,The Matrix The Final Mission,Action Sci-Fi Thriller,computer virtual reality hacker,Keanu Reeves|Laurence Fishburne|Carrie-Anne Moss,The Wachowskis,A computer hacker discovers that reality is a sophisticated simulation. This new chapter explores another challenge involving the same themes.,8.46,8332
295,Guardians of the Galaxy The Final Mission,Action Adventure Sci-Fi Comedy,space superhero marvel team,Chris Pratt|Zoe Saldana|Dave Bautista,James Gunn,A group of unusual heroes protects the galaxy from a powerful threat. This new chapter explores another challenge involving the same themes.,7.78,7891
296,Doctor Strange The Final Mission,Action Adventure Fantasy,magic superhero marvel multiverse,Benedict Cumberbatch|Rachel McAdams|Chiwetel Ejiofor,Scott Derrickson,A surgeon learns mystical powers and protects reality from magical threats. This new chapter explores another challenge involving the same themes.,7.25,7577
297,Black Panther The Final Mission,Action Adventure Sci-Fi,superhero wakanda africa marvel,Chadwick Boseman|Michael B Jordan|Lupita Nyongo,Ryan Coogler,A new king protects Wakanda from an ambitious rival. This new chapter explores another challenge involving the same themes.,7.07,7561
298,The Lord of the Rings The Final Mission,Adventure Fantasy Drama,magic ring middle earth quest,Elijah Wood|Ian McKellen|Viggo Mortensen,Peter Jackson,A young hobbit begins a dangerous quest to destroy a powerful ring. This new chapter explores another challenge involving the same themes.,8.59,8990
299,Harry Potter The Final Mission,Adventure Fantasy Family,magic wizard school friendship,Daniel Radcliffe|Emma Watson|Rupert Grint,Chris Columbus,A young wizard begins his education at a magical school. This new chapter explores another challenge involving the same themes.,7.36,8082
300,Star Wars The Final Mission,Action Adventure Sci-Fi,space jedi rebellion empire,Mark Hamill|Harrison Ford|Carrie Fisher,George Lucas,A young hero joins a rebellion against a powerful space empire. This new chapter explores another challenge involving the same themes.,8.38,9086
301,Dune The Final Mission,Sci-Fi Adventure Drama,desert space politics prophecy,Timothee Chalamet|Zendaya|Rebecca Ferguson,Denis Villeneuve,A young noble enters a dangerous desert world filled with political conflict. This new chapter explores another challenge involving the same themes.,7.75,8687
302,The Martian The Final Mission,Sci-Fi Adventure Drama,mars astronaut survival space,Matt Damon|Jessica Chastain|Jeff Daniels,Ridley Scott,An astronaut stranded on Mars uses science and determination to survive. This new chapter explores another challenge involving the same themes.,7.77,8841
303,Gravity The Final Mission,Sci-Fi Thriller Drama,space astronaut survival,Sandra Bullock|George Clooney|Ed Harris,Alfonso Cuaron,Astronauts struggle to survive after an accident in orbit. This new chapter explores another challenge involving the same themes.,7.49,8740
304,Top Gun Maverick The Final Mission,Action Drama,fighter pilot aviation military,Tom Cruise|Miles Teller|Jennifer Connelly,Joseph Kosinski,An experienced pilot trains a new generation for a dangerous mission. This new chapter explores another challenge involving the same themes.,7.96,9277
305,John Wick The Final Mission,Action Thriller Crime,assassin revenge gunfight,Keanu Reeves|Ian McShane|Willem Dafoe,Chad Stahelski,A retired assassin returns to action after a personal loss. This new chapter explores another challenge involving the same themes.,7.18,8751
306,Mad Max Fury Road The Final Mission,Action Adventure Sci-Fi,desert survival chase dystopia,Tom Hardy|Charlize Theron|Nicholas Hoult,George Miller,A group escapes across a dangerous post-apocalyptic desert. This new chapter explores another challenge involving the same themes.,7.85,9457
307,The Hunger Games The Final Mission,Action Adventure Sci-Fi Drama,dystopia survival competition rebellion,Jennifer Lawrence|Josh Hutcherson|Woody Harrelson,Gary Ross,A young woman enters a dangerous televised survival competition. This new chapter explores another challenge involving the same themes.,6.97,8846
308,Ready Player One The Final Mission,Action Adventure Sci-Fi,virtual reality gaming future,Tye Sheridan|Olivia Cooke|Ben Mendelsohn,Steven Spielberg,A teenager enters a huge virtual world to compete for a valuable prize. This new chapter explores another challenge involving the same themes.,7.19,9170
309,Free Guy The Final Mission,Action Comedy Sci-Fi,video game virtual world hero,Ryan Reynolds|Jodie Comer|Taika Waititi,Shawn Levy,A bank employee discovers that he is a character in a video game. This new chapter explores another challenge involving the same themes.,6.86,9027
310,The Social Network The Final Mission,Drama Biography,technology startup friendship,Jesse Eisenberg|Andrew Garfield|Justin Timberlake,David Fincher,A college student creates a social network that changes the world. This new chapter explores another challenge involving the same themes.,7.58,9776
311,Oppenheimer The Final Mission,Drama Biography History,science atomic bomb war scientist,Cillian Murphy|Emily Blunt|Robert Downey Jr,Christopher Nolan,A scientist leads a major wartime research project with historic consequences. This new chapter explores another challenge involving the same themes.,8.35,10567
312,The Pursuit of Happyness The Final Mission,Drama Biography Family,career father son motivation,Will Smith|Jaden Smith|Thandiwe Newton,Gabriele Muccino,A struggling father works hard to build a better future for his son. This new chapter explores another challenge involving the same themes.,7.77,10211
313,Forrest Gump The Final Mission,Drama Romance Comedy,life friendship history journey,Tom Hanks|Robin Wright|Gary Sinise,Robert Zemeckis,A kind man experiences major events while following his own path. This new chapter explores another challenge involving the same themes.,8.59,11045
314,The Shawshank Redemption The Final Mission,Drama Crime,prison friendship hope,Tim Robbins|Morgan Freeman|Bob Gunton,Frank Darabont,A prisoner builds friendship and hope while serving a long sentence. This new chapter explores another challenge involving the same themes.,9.06,11582
315,Good Will Hunting The Final Mission,Drama Romance,genius friendship mathematics,Matt Damon|Robin Williams|Ben Affleck,Gus Van Sant,A gifted young man receives guidance while dealing with personal struggles. This new chapter explores another challenge involving the same themes.,8.08,10886
316,La La Land The Final Mission,Comedy Drama Romance,music jazz dreams love,Ryan Gosling|Emma Stone|John Legend,Damien Chazelle,Two artists pursue their dreams while falling in love in Los Angeles. This new chapter explores another challenge involving the same themes.,7.75,10742
317,The Notebook The Final Mission,Drama Romance,love relationship memory,Ryan Gosling|Rachel McAdams|James Garner,Nick Cassavetes,A lifelong love story is remembered through an old notebook. This new chapter explores another challenge involving the same themes.,7.57,10726
318,Knives Out The Final Mission,Comedy Crime Mystery,detective murder mansion family,Daniel Craig|Ana de Armas|Chris Evans,Rian Johnson,A detective investigates a mysterious death inside a wealthy family. This new chapter explores another challenge involving the same themes.,7.69,10965
319,The Conjuring The Final Mission,Horror Mystery Thriller,haunted house ghost family,Vera Farmiga|Patrick Wilson|Lili Taylor,James Wan,Paranormal investigators help a family facing supernatural activity. This new chapter explores another challenge involving the same themes.,7.26,10737
320,A Quiet Place The Final Mission,Horror Sci-Fi Thriller,monsters survival family silence,Emily Blunt|John Krasinski|Millicent Simmonds,John Krasinski,A family survives in silence while dangerous creatures hunt by sound. This new chapter explores another challenge involving the same themes.,7.28,10891
321,Get Out The Final Mission,Horror Mystery Thriller,family hypnosis mystery,Daniel Kaluuya|Allison Williams|Bradley Whitford,Jordan Peele,A young man discovers disturbing secrets while visiting his girlfriend's family. This new chapter explores another challenge involving the same themes.,7.45,11172
322,Train to Busan The Final Mission,Action Horror Thriller,zombies train survival outbreak,Gong Yoo|Jung Yu-mi|Ma Dong-seok,Yeon Sang-ho,Passengers fight to survive a zombie outbreak aboard a train. This new chapter explores another challenge involving the same themes.,7.37,11241
323,The Grand Budapest Hotel The Final Mission,Comedy Drama Adventure,hotel friendship mystery europe,Ralph Fiennes|Tony Revolori|Adrien Brody,Wes Anderson,A hotel concierge and his young assistant become involved in a mysterious adventure. This new chapter explores another challenge involving the same themes.,7.89,11820
324,Catch Me If You Can The Final Mission,Crime Drama Biography,con artist FBI identity fraud,Leonardo DiCaprio|Tom Hanks|Christopher Walken,Steven Spielberg,A young con artist stays ahead of an FBI agent while changing identities. This new chapter explores another challenge involving the same themes.,7.86,11932
325,The Departed The Final Mission,Crime Drama Thriller,police mafia undercover crime,Leonardo DiCaprio|Matt Damon|Jack Nicholson,Martin Scorsese,An undercover police officer and a criminal informant work inside rival organizations. This new chapter explores another challenge involving the same themes.,8.28,12425
326,Fight Club The Final Mission,Drama Thriller,identity rebellion friendship underground,Brad Pitt|Edward Norton|Helena Bonham Carter,David Fincher,A dissatisfied worker forms an underground club that grows beyond control. This new chapter explores another challenge involving the same themes.,8.55,12792
327,The Prestige The Final Mission,Drama Mystery Sci-Fi,magic rivalry illusion obsession,Christian Bale|Hugh Jackman|Scarlett Johansson,Christopher Nolan,Two rival magicians become obsessed with creating the perfect illusion. This new chapter explores another challenge involving the same themes.,8.27,12691
328,Memento The Final Mission,Mystery Thriller Drama,memory detective revenge crime,Guy Pearce|Carrie-Anne Moss|Joe Pantoliano,Christopher Nolan,A man with short-term memory loss investigates a mysterious crime. This new chapter explores another challenge involving the same themes.,8.19,12760
329,The Truman Show The Final Mission,Comedy Drama Sci-Fi,television reality life mystery,Jim Carrey|Laura Linney|Ed Harris,Peter Weir,A man slowly discovers that his entire life is being filmed for television. This new chapter explores another challenge involving the same themes.,7.96,12702
330,Back to the Future The Final Mission,Adventure Comedy Sci-Fi,time travel car teenager,Michael J Fox|Christopher Lloyd|Lea Thompson,Robert Zemeckis,A teenager travels through time using a modified car. This new chapter explores another challenge involving the same themes.,8.28,13110
331,Alien The Final Mission,Horror Sci-Fi Thriller,space creature survival crew,Sigourney Weaver|Tom Skerritt|John Hurt,Ridley Scott,A space crew encounters a deadly creature aboard their spacecraft. This new chapter explores another challenge involving the same themes.,8.25,13222
332,Edge of Tomorrow The Final Mission,Action Sci-Fi,time loop alien war soldier,Tom Cruise|Emily Blunt|Bill Paxton,Doug Liman,A soldier relives the same battle repeatedly while fighting an alien invasion. This new chapter explores another challenge involving the same themes.,7.67,12866
333,Pacific Rim The Final Mission,Action Sci-Fi Adventure,robots monsters ocean battle,Charlie Hunnam|Idris Elba|Rinko Kikuchi,Guillermo del Toro,Giant robots fight enormous creatures emerging from the ocean. This new chapter explores another challenge involving the same themes.,6.69,12170
334,Men in Black The Final Mission,Action Comedy Sci-Fi,aliens secret agents government,Will Smith|Tommy Lee Jones|Linda Fiorentino,Barry Sonnenfeld,Secret agents protect Earth from hidden alien activity. This new chapter explores another challenge involving the same themes.,7.06,12622
335,E.T. The Final Mission,Adventure Sci-Fi Family,alien friendship children space,Henry Thomas|Drew Barrymore|Dee Wallace,Steven Spielberg,A child helps a stranded alien return home. This new chapter explores another challenge involving the same themes.,7.68,13286
336,Toy Story The Final Mission,Animation Comedy Adventure,toys friendship childhood,Tom Hanks|Tim Allen|Don Rickles,John Lasseter,Living toys learn about friendship when a new toy arrives. This new chapter explores another challenge involving the same themes.,8.05,13737
337,Finding Nemo The Final Mission,Animation Adventure Comedy,ocean fish family friendship,Albert Brooks|Ellen DeGeneres|Alexander Gould,Andrew Stanton,A father fish crosses the ocean to find his missing son. This new chapter explores another challenge involving the same themes.,7.97,13806
338,The Lion King The Final Mission,Animation Adventure Drama,lion family kingdom friendship,Matthew Broderick|Jeremy Irons|James Earl Jones,Roger Allers,A young lion learns to accept his responsibility as king. This new chapter explores another challenge involving the same themes.,8.29,14215
339,Coco The Final Mission,Animation Adventure Fantasy,music family mexico memory,Anthony Gonzalez|Gael Garcia Bernal|Benjamin Bratt,Lee Unkrich,A young musician enters the world of the dead to discover his family history. This new chapter explores another challenge involving the same themes.,8.16,14242
340,Inside Out The Final Mission,Animation Comedy Drama,emotions childhood family,Amy Poehler|Phyllis Smith|Bill Hader,Pete Docter,A girl's emotions help her adapt to a major change in her life. This new chapter explores another challenge involving the same themes.,7.88,14141
341,Up The Final Mission,Animation Adventure Comedy,house journey friendship,Ed Asner|Christopher Plummer|Jordan Nagai,Pete Docter,An elderly man travels to a distant place with a young companion. This new chapter explores another challenge involving the same themes.,8.05,14422
342,Ratatouille The Final Mission,Animation Comedy Drama,cooking chef paris food,Patton Oswalt|Ian Holm|Lou Romano,Brad Bird,A talented rat dreams of becoming a chef in Paris. This new chapter explores another challenge involving the same themes.,7.87,14406
343,Avatar The Secret,Action Adventure Fantasy,alien planet space survival,Sam Worthington|Zoe Saldana|Sigourney Weaver,James Cameron,A marine joins an alien world and fights to protect its people. This new chapter explores another challenge involving the same themes.,7.54,14263
344,Titanic The Secret,Drama Romance,love ship ocean tragedy,Leonardo DiCaprio|Kate Winslet|Billy Zane,James Cameron,A young couple falls in love aboard a famous ocean liner. This new chapter explores another challenge involving the same themes.,7.61,14459
345,The Avengers The Secret,Action Adventure Sci-Fi,superhero marvel team alien,Robert Downey Jr|Chris Evans|Scarlett Johansson,Joss Whedon,Superheroes join forces to protect Earth from a powerful enemy. This new chapter explores another challenge involving the same themes.,7.73,14698
346,Iron Man The Secret,Action Adventure Sci-Fi,superhero technology armor marvel,Robert Downey Jr|Gwyneth Paltrow|Jeff Bridges,Jon Favreau,A genius inventor creates a powerful armored suit. This new chapter explores another challenge involving the same themes.,7.6,14725
347,Interstellar The Secret,Sci-Fi Drama Adventure,space astronaut planet time,Matthew McConaughey|Anne Hathaway|Jessica Chastain,Christopher Nolan,Astronauts travel through space searching for a new home for humanity. This new chapter explores another challenge involving the same themes.,8.42,15559
348,Inception The Secret,Action Sci-Fi Thriller,dream heist mind technology,Leonardo DiCaprio|Joseph Gordon-Levitt|Tom Hardy,Christopher Nolan,A skilled thief enters dreams to steal valuable information. This new chapter explores another challenge involving the same themes.,8.54,15797
349,The Dark Knight The Secret,Action Crime Drama,batman joker superhero crime,Christian Bale|Heath Ledger|Gary Oldman,Christopher Nolan,Batman faces a dangerous criminal who creates chaos in Gotham. This new chapter explores another challenge involving the same themes.,8.71,16079
350,Jurassic Park The Secret,Adventure Sci-Fi Thriller,dinosaurs island science survival,Sam Neill|Laura Dern|Jeff Goldblum,Steven Spielberg,Scientists create a dinosaur park that becomes dangerously uncontrollable. This new chapter explores another challenge involving the same themes.,7.93,15553
351,The Matrix The Secret,Action Sci-Fi Thriller,computer virtual reality hacker,Keanu Reeves|Laurence Fishburne|Carrie-Anne Moss,The Wachowskis,A computer hacker discovers that reality is a sophisticated simulation. This new chapter explores another challenge involving the same themes.,8.4,16090
352,Guardians of the Galaxy The Secret,Action Adventure Sci-Fi Comedy,space superhero marvel team,Chris Pratt|Zoe Saldana|Dave Bautista,James Gunn,A group of unusual heroes protects the galaxy from a powerful threat. This new chapter explores another challenge involving the same themes.,7.72,15649
353,Doctor Strange The Secret,Action Adventure Fantasy,magic superhero marvel multiverse,Benedict Cumberbatch|Rachel McAdams|Chiwetel Ejiofor,Scott Derrickson,A surgeon learns mystical powers and protects reality from magical threats. This new chapter explores another challenge involving the same themes.,7.24,15378
354,Black Panther The Secret,Action Adventure Sci-Fi,superhero wakanda africa marvel,Chadwick Boseman|Michael B Jordan|Lupita Nyongo,Ryan Coogler,A new king protects Wakanda from an ambitious rival. This new chapter explores another challenge involving the same themes.,7.01,15319
355,The Lord of the Rings The Secret,Adventure Fantasy Drama,magic ring middle earth quest,Elijah Wood|Ian McKellen|Viggo Mortensen,Peter Jackson,A young hobbit begins a dangerous quest to destroy a powerful ring. This new chapter explores another challenge involving the same themes.,8.53,16748
356,Harry Potter The Secret,Adventure Fantasy Family,magic wizard school friendship,Daniel Radcliffe|Emma Watson|Rupert Grint,Chris Columbus,A young wizard begins his education at a magical school. This new chapter explores another challenge involving the same themes.,7.3,15840
357,Star Wars The Secret,Action Adventure Sci-Fi,space jedi rebellion empire,Mark Hamill|Harrison Ford|Carrie Fisher,George Lucas,A young hero joins a rebellion against a powerful space empire. This new chapter explores another challenge involving the same themes.,8.32,16844
358,Dune The Secret,Sci-Fi Adventure Drama,desert space politics prophecy,Timothee Chalamet|Zendaya|Rebecca Ferguson,Denis Villeneuve,A young noble enters a dangerous desert world filled with political conflict. This new chapter explores another challenge involving the same themes.,7.74,16488
359,The Martian The Secret,Sci-Fi Adventure Drama,mars astronaut survival space,Matt Damon|Jessica Chastain|Jeff Daniels,Ridley Scott,An astronaut stranded on Mars uses science and determination to survive. This new chapter explores another challenge involving the same themes.,7.71,16599
360,Gravity The Secret,Sci-Fi Thriller Drama,space astronaut survival,Sandra Bullock|George Clooney|Ed Harris,Alfonso Cuaron,Astronauts struggle to survive after an accident in orbit. This new chapter explores another challenge involving the same themes.,7.43,16498
361,Top Gun Maverick The Secret,Action Drama,fighter pilot aviation military,Tom Cruise|Miles Teller|Jennifer Connelly,Joseph Kosinski,An experienced pilot trains a new generation for a dangerous mission. This new chapter explores another challenge involving the same themes.,7.9,17035
362,John Wick The Secret,Action Thriller Crime,assassin revenge gunfight,Keanu Reeves|Ian McShane|Willem Dafoe,Chad Stahelski,A retired assassin returns to action after a personal loss. This new chapter explores another challenge involving the same themes.,7.12,16509
363,Mad Max Fury Road The Secret,Action Adventure Sci-Fi,desert survival chase dystopia,Tom Hardy|Charlize Theron|Nicholas Hoult,George Miller,A group escapes across a dangerous post-apocalyptic desert. This new chapter explores another challenge involving the same themes.,7.84,17258
364,The Hunger Games The Secret,Action Adventure Sci-Fi Drama,dystopia survival competition rebellion,Jennifer Lawrence|Josh Hutcherson|Woody Harrelson,Gary Ross,A young woman enters a dangerous televised survival competition. This new chapter explores another challenge involving the same themes.,6.91,16604
365,Ready Player One The Secret,Action Adventure Sci-Fi,virtual reality gaming future,Tye Sheridan|Olivia Cooke|Ben Mendelsohn,Steven Spielberg,A teenager enters a huge virtual world to compete for a valuable prize. This new chapter explores another challenge involving the same themes.,7.13,16928
366,Free Guy The Secret,Action Comedy Sci-Fi,video game virtual world hero,Ryan Reynolds|Jodie Comer|Taika Waititi,Shawn Levy,A bank employee discovers that he is a character in a video game. This new chapter explores another challenge involving the same themes.,6.8,6785
367,The Social Network The Secret,Drama Biography,technology startup friendship,Jesse Eisenberg|Andrew Garfield|Justin Timberlake,David Fincher,A college student creates a social network that changes the world. This new chapter explores another challenge involving the same themes.,7.52,7534
368,Oppenheimer The Secret,Drama Biography History,science atomic bomb war scientist,Cillian Murphy|Emily Blunt|Robert Downey Jr,Christopher Nolan,A scientist leads a major wartime research project with historic consequences. This new chapter explores another challenge involving the same themes.,8.34,8368
369,The Pursuit of Happyness The Secret,Drama Biography Family,career father son motivation,Will Smith|Jaden Smith|Thandiwe Newton,Gabriele Muccino,A struggling father works hard to build a better future for his son. This new chapter explores another challenge involving the same themes.,7.71,7969
370,Forrest Gump The Secret,Drama Romance Comedy,life friendship history journey,Tom Hanks|Robin Wright|Gary Sinise,Robert Zemeckis,A kind man experiences major events while following his own path. This new chapter explores another challenge involving the same themes.,8.53,8803
371,The Shawshank Redemption The Secret,Drama Crime,prison friendship hope,Tim Robbins|Morgan Freeman|Bob Gunton,Frank Darabont,A prisoner builds friendship and hope while serving a long sentence. This new chapter explores another challenge involving the same themes.,9.0,9340
372,Good Will Hunting The Secret,Drama Romance,genius friendship mathematics,Matt Damon|Robin Williams|Ben Affleck,Gus Van Sant,A gifted young man receives guidance while dealing with personal struggles. This new chapter explores another challenge involving the same themes.,8.02,8644
373,La La Land The Secret,Comedy Drama Romance,music jazz dreams love,Ryan Gosling|Emma Stone|John Legend,Damien Chazelle,Two artists pursue their dreams while falling in love in Los Angeles. This new chapter explores another challenge involving the same themes.,7.74,8543
374,The Notebook The Secret,Drama Romance,love relationship memory,Ryan Gosling|Rachel McAdams|James Garner,Nick Cassavetes,A lifelong love story is remembered through an old notebook. This new chapter explores another challenge involving the same themes.,7.51,8484
375,Knives Out The Secret,Comedy Crime Mystery,detective murder mansion family,Daniel Craig|Ana de Armas|Chris Evans,Rian Johnson,A detective investigates a mysterious death inside a wealthy family. This new chapter explores another challenge involving the same themes.,7.63,8723
376,The Conjuring The Secret,Horror Mystery Thriller,haunted house ghost family,Vera Farmiga|Patrick Wilson|Lili Taylor,James Wan,Paranormal investigators help a family facing supernatural activity. This new chapter explores another challenge involving the same themes.,7.2,8495
377,A Quiet Place The Secret,Horror Sci-Fi Thriller,monsters survival family silence,Emily Blunt|John Krasinski|Millicent Simmonds,John Krasinski,A family survives in silence while dangerous creatures hunt by sound. This new chapter explores another challenge involving the same themes.,7.22,8649
378,Get Out The Secret,Horror Mystery Thriller,family hypnosis mystery,Daniel Kaluuya|Allison Williams|Bradley Whitford,Jordan Peele,A young man discovers disturbing secrets while visiting his girlfriend's family. This new chapter explores another challenge involving the same themes.,7.44,8973
379,Train to Busan The Secret,Action Horror Thriller,zombies train survival outbreak,Gong Yoo|Jung Yu-mi|Ma Dong-seok,Yeon Sang-ho,Passengers fight to survive a zombie outbreak aboard a train. This new chapter explores another challenge involving the same themes.,7.31,8999
380,The Grand Budapest Hotel The Secret,Comedy Drama Adventure,hotel friendship mystery europe,Ralph Fiennes|Tony Revolori|Adrien Brody,Wes Anderson,A hotel concierge and his young assistant become involved in a mysterious adventure. This new chapter explores another challenge involving the same themes.,7.83,9578
381,Catch Me If You Can The Secret,Crime Drama Biography,con artist FBI identity fraud,Leonardo DiCaprio|Tom Hanks|Christopher Walken,Steven Spielberg,A young con artist stays ahead of an FBI agent while changing identities. This new chapter explores another challenge involving the same themes.,7.8,9690
382,The Departed The Secret,Crime Drama Thriller,police mafia undercover crime,Leonardo DiCaprio|Matt Damon|Jack Nicholson,Martin Scorsese,An undercover police officer and a criminal informant work inside rival organizations. This new chapter explores another challenge involving the same themes.,8.22,10184
383,Fight Club The Secret,Drama Thriller,identity rebellion friendship underground,Brad Pitt|Edward Norton|Helena Bonham Carter,David Fincher,A dissatisfied worker forms an underground club that grows beyond control. This new chapter explores another challenge involving the same themes.,8.54,10592
384,The Prestige The Secret,Drama Mystery Sci-Fi,magic rivalry illusion obsession,Christian Bale|Hugh Jackman|Scarlett Johansson,Christopher Nolan,Two rival magicians become obsessed with creating the perfect illusion. This new chapter explores another challenge involving the same themes.,8.21,10449
385,Memento The Secret,Mystery Thriller Drama,memory detective revenge crime,Guy Pearce|Carrie-Anne Moss|Joe Pantoliano,Christopher Nolan,A man with short-term memory loss investigates a mysterious crime. This new chapter explores another challenge involving the same themes.,8.13,10518
386,The Truman Show The Secret,Comedy Drama Sci-Fi,television reality life mystery,Jim Carrey|Laura Linney|Ed Harris,Peter Weir,A man slowly discovers that his entire life is being filmed for television. This new chapter explores another challenge involving the same themes.,7.9,10460
387,Back to the Future The Secret,Adventure Comedy Sci-Fi,time travel car teenager,Michael J Fox|Christopher Lloyd|Lea Thompson,Robert Zemeckis,A teenager travels through time using a modified car. This new chapter explores another challenge involving the same themes.,8.22,10869
388,Alien The Secret,Horror Sci-Fi Thriller,space creature survival crew,Sigourney Weaver|Tom Skerritt|John Hurt,Ridley Scott,A space crew encounters a deadly creature aboard their spacecraft. This new chapter explores another challenge involving the same themes.,8.24,11023
389,Edge of Tomorrow The Secret,Action Sci-Fi,time loop alien war soldier,Tom Cruise|Emily Blunt|Bill Paxton,Doug Liman,A soldier relives the same battle repeatedly while fighting an alien invasion. This new chapter explores another challenge involving the same themes.,7.61,10624
390,Pacific Rim The Secret,Action Sci-Fi Adventure,robots monsters ocean battle,Charlie Hunnam|Idris Elba|Rinko Kikuchi,Guillermo del Toro,Giant robots fight enormous creatures emerging from the ocean. This new chapter explores another challenge involving the same themes.,6.63,9928
391,Men in Black The Secret,Action Comedy Sci-Fi,aliens secret agents government,Will Smith|Tommy Lee Jones|Linda Fiorentino,Barry Sonnenfeld,Secret agents protect Earth from hidden alien activity. This new chapter explores another challenge involving the same themes.,7.0,10380
392,E.T. The Secret,Adventure Sci-Fi Family,alien friendship children space,Henry Thomas|Drew Barrymore|Dee Wallace,Steven Spielberg,A child helps a stranded alien return home. This new chapter explores another challenge involving the same themes.,7.62,11044
393,Toy Story The Secret,Animation Comedy Adventure,toys friendship childhood,Tom Hanks|Tim Allen|Don Rickles,John Lasseter,Living toys learn about friendship when a new toy arrives. This new chapter explores another challenge involving the same themes.,8.04,11537
394,Finding Nemo The Secret,Animation Adventure Comedy,ocean fish family friendship,Albert Brooks|Ellen DeGeneres|Alexander Gould,Andrew Stanton,A father fish crosses the ocean to find his missing son. This new chapter explores another challenge involving the same themes.,7.91,11564
395,The Lion King The Secret,Animation Adventure Drama,lion family kingdom friendship,Matthew Broderick|Jeremy Irons|James Earl Jones,Roger Allers,A young lion learns to accept his responsibility as king. This new chapter explores another challenge involving the same themes.,8.23,11973
396,Coco The Secret,Animation Adventure Fantasy,music family mexico memory,Anthony Gonzalez|Gael Garcia Bernal|Benjamin Bratt,Lee Unkrich,A young musician enters the world of the dead to discover his family history. This new chapter explores another challenge involving the same themes.,8.1,12000
397,Inside Out The Secret,Animation Comedy Drama,emotions childhood family,Amy Poehler|Phyllis Smith|Bill Hader,Pete Docter,A girl's emotions help her adapt to a major change in her life. This new chapter explores another challenge involving the same themes.,7.82,11899
398,Up The Secret,Animation Adventure Comedy,house journey friendship,Ed Asner|Christopher Plummer|Jordan Nagai,Pete Docter,An elderly man travels to a distant place with a young companion. This new chapter explores another challenge involving the same themes.,8.04,12222
399,Ratatouille The Secret,Animation Comedy Drama,cooking chef paris food,Patton Oswalt|Ian Holm|Lou Romano,Brad Bird,A talented rat dreams of becoming a chef in Paris. This new chapter explores another challenge involving the same themes.,7.81,12164
400,Avatar The Lost World,Action Adventure Fantasy,alien planet space survival,Sam Worthington|Zoe Saldana|Sigourney Weaver,James Cameron,A marine joins an alien world and fights to protect its people. This new chapter explores another challenge involving the same themes.,7.48,12021
401,Titanic The Lost World,Drama Romance,love ship ocean tragedy,Leonardo DiCaprio|Kate Winslet|Billy Zane,James Cameron,A young couple falls in love aboard a famous ocean liner. This new chapter explores another challenge involving the same themes.,7.55,12217
402,The Avengers The Lost World,Action Adventure Sci-Fi,superhero marvel team alien,Robert Downey Jr|Chris Evans|Scarlett Johansson,Joss Whedon,Superheroes join forces to protect Earth from a powerful enemy. This new chapter explores another challenge involving the same themes.,7.67,12456
403,Iron Man The Lost World,Action Adventure Sci-Fi,superhero technology armor marvel,Robert Downey Jr|Gwyneth Paltrow|Jeff Bridges,Jon Favreau,A genius inventor creates a powerful armored suit. This new chapter explores another challenge involving the same themes.,7.59,12525
404,Interstellar The Lost World,Sci-Fi Drama Adventure,space astronaut planet time,Matthew McConaughey|Anne Hathaway|Jessica Chastain,Christopher Nolan,Astronauts travel through space searching for a new home for humanity. This new chapter explores another challenge involving the same themes.,8.36,13316
405,Inception The Lost World,Action Sci-Fi Thriller,dream heist mind technology,Leonardo DiCaprio|Joseph Gordon-Levitt|Tom Hardy,Christopher Nolan,A skilled thief enters dreams to steal valuable information. This new chapter explores another challenge involving the same themes.,8.48,13556
406,The Dark Knight The Lost World,Action Crime Drama,batman joker superhero crime,Christian Bale|Heath Ledger|Gary Oldman,Christopher Nolan,Batman faces a dangerous criminal who creates chaos in Gotham. This new chapter explores another challenge involving the same themes.,8.65,13837
407,Jurassic Park The Lost World,Adventure Sci-Fi Thriller,dinosaurs island science survival,Sam Neill|Laura Dern|Jeff Goldblum,Steven Spielberg,Scientists create a dinosaur park that becomes dangerously uncontrollable. This new chapter explores another challenge involving the same themes.,7.87,13311
408,The Matrix The Lost World,Action Sci-Fi Thriller,computer virtual reality hacker,Keanu Reeves|Laurence Fishburne|Carrie-Anne Moss,The Wachowskis,A computer hacker discovers that reality is a sophisticated simulation. This new chapter explores another challenge involving the same themes.,8.39,13890
409,Guardians of the Galaxy The Lost World,Action Adventure Sci-Fi Comedy,space superhero marvel team,Chris Pratt|Zoe Saldana|Dave Bautista,James Gunn,A group of unusual heroes protects the galaxy from a powerful threat. This new chapter explores another challenge involving the same themes.,7.66,13407
410,Doctor Strange The Lost World,Action Adventure Fantasy,magic superhero marvel multiverse,Benedict Cumberbatch|Rachel McAdams|Chiwetel Ejiofor,Scott Derrickson,A surgeon learns mystical powers and protects reality from magical threats. This new chapter explores another challenge involving the same themes.,7.18,13136
411,Black Panther The Lost World,Action Adventure Sci-Fi,superhero wakanda africa marvel,Chadwick Boseman|Michael B Jordan|Lupita Nyongo,Ryan Coogler,A new king protects Wakanda from an ambitious rival. This new chapter explores another challenge involving the same themes.,6.95,13077
412,The Lord of the Rings The Lost World,Adventure Fantasy Drama,magic ring middle earth quest,Elijah Wood|Ian McKellen|Viggo Mortensen,Peter Jackson,A young hobbit begins a dangerous quest to destroy a powerful ring. This new chapter explores another challenge involving the same themes.,8.47,14506
413,Harry Potter The Lost World,Adventure Fantasy Family,magic wizard school friendship,Daniel Radcliffe|Emma Watson|Rupert Grint,Chris Columbus,A young wizard begins his education at a magical school. This new chapter explores another challenge involving the same themes.,7.29,13640
414,Star Wars The Lost World,Action Adventure Sci-Fi,space jedi rebellion empire,Mark Hamill|Harrison Ford|Carrie Fisher,George Lucas,A young hero joins a rebellion against a powerful space empire. This new chapter explores another challenge involving the same themes.,8.26,14602
415,Dune The Lost World,Sci-Fi Adventure Drama,desert space politics prophecy,Timothee Chalamet|Zendaya|Rebecca Ferguson,Denis Villeneuve,A young noble enters a dangerous desert world filled with political conflict. This new chapter explores another challenge involving the same themes.,7.68,14246
416,The Martian The Lost World,Sci-Fi Adventure Drama,mars astronaut survival space,Matt Damon|Jessica Chastain|Jeff Daniels,Ridley Scott,An astronaut stranded on Mars uses science and determination to survive. This new chapter explores another challenge involving the same themes.,7.65,14357
417,Gravity The Lost World,Sci-Fi Thriller Drama,space astronaut survival,Sandra Bullock|George Clooney|Ed Harris,Alfonso Cuaron,Astronauts struggle to survive after an accident in orbit. This new chapter explores another challenge involving the same themes.,7.37,14256
418,Top Gun Maverick The Lost World,Action Drama,fighter pilot aviation military,Tom Cruise|Miles Teller|Jennifer Connelly,Joseph Kosinski,An experienced pilot trains a new generation for a dangerous mission. This new chapter explores another challenge involving the same themes.,7.89,14835
419,John Wick The Lost World,Action Thriller Crime,assassin revenge gunfight,Keanu Reeves|Ian McShane|Willem Dafoe,Chad Stahelski,A retired assassin returns to action after a personal loss. This new chapter explores another challenge involving the same themes.,7.06,14267
420,Mad Max Fury Road The Lost World,Action Adventure Sci-Fi,desert survival chase dystopia,Tom Hardy|Charlize Theron|Nicholas Hoult,George Miller,A group escapes across a dangerous post-apocalyptic desert. This new chapter explores another challenge involving the same themes.,7.78,15016
421,The Hunger Games The Lost World,Action Adventure Sci-Fi Drama,dystopia survival competition rebellion,Jennifer Lawrence|Josh Hutcherson|Woody Harrelson,Gary Ross,A young woman enters a dangerous televised survival competition. This new chapter explores another challenge involving the same themes.,6.85,14362
422,Ready Player One The Lost World,Action Adventure Sci-Fi,virtual reality gaming future,Tye Sheridan|Olivia Cooke|Ben Mendelsohn,Steven Spielberg,A teenager enters a huge virtual world to compete for a valuable prize. This new chapter explores another challenge involving the same themes.,7.07,14686
423,Free Guy The Lost World,Action Comedy Sci-Fi,video game virtual world hero,Ryan Reynolds|Jodie Comer|Taika Waititi,Shawn Levy,A bank employee discovers that he is a character in a video game. This new chapter explores another challenge involving the same themes.,6.79,14585
424,The Social Network The Lost World,Drama Biography,technology startup friendship,Jesse Eisenberg|Andrew Garfield|Justin Timberlake,David Fincher,A college student creates a social network that changes the world. This new chapter explores another challenge involving the same themes.,7.46,15292
425,Oppenheimer The Lost World,Drama Biography History,science atomic bomb war scientist,Cillian Murphy|Emily Blunt|Robert Downey Jr,Christopher Nolan,A scientist leads a major wartime research project with historic consequences. This new chapter explores another challenge involving the same themes.,8.28,16125
426,The Pursuit of Happyness The Lost World,Drama Biography Family,career father son motivation,Will Smith|Jaden Smith|Thandiwe Newton,Gabriele Muccino,A struggling father works hard to build a better future for his son. This new chapter explores another challenge involving the same themes.,7.65,15727
427,Forrest Gump The Lost World,Drama Romance Comedy,life friendship history journey,Tom Hanks|Robin Wright|Gary Sinise,Robert Zemeckis,A kind man experiences major events while following his own path. This new chapter explores another challenge involving the same themes.,8.47,16561
428,The Shawshank Redemption The Lost World,Drama Crime,prison friendship hope,Tim Robbins|Morgan Freeman|Bob Gunton,Frank Darabont,A prisoner builds friendship and hope while serving a long sentence. This new chapter explores another challenge involving the same themes.,8.99,17140
429,Good Will Hunting The Lost World,Drama Romance,genius friendship mathematics,Matt Damon|Robin Williams|Ben Affleck,Gus Van Sant,A gifted young man receives guidance while dealing with personal struggles. This new chapter explores another challenge involving the same themes.,7.96,16402
430,La La Land The Lost World,Comedy Drama Romance,music jazz dreams love,Ryan Gosling|Emma Stone|John Legend,Damien Chazelle,Two artists pursue their dreams while falling in love in Los Angeles. This new chapter explores another challenge involving the same themes.,7.68,16301
431,The Notebook The Lost World,Drama Romance,love relationship memory,Ryan Gosling|Rachel McAdams|James Garner,Nick Cassavetes,A lifelong love story is remembered through an old notebook. This new chapter explores another challenge involving the same themes.,7.45,16242
432,Knives Out The Lost World,Comedy Crime Mystery,detective murder mansion family,Daniel Craig|Ana de Armas|Chris Evans,Rian Johnson,A detective investigates a mysterious death inside a wealthy family. This new chapter explores another challenge involving the same themes.,7.57,16481
433,The Conjuring The Lost World,Horror Mystery Thriller,haunted house ghost family,Vera Farmiga|Patrick Wilson|Lili Taylor,James Wan,Paranormal investigators help a family facing supernatural activity. This new chapter explores another challenge involving the same themes.,7.19,16295
434,A Quiet Place The Lost World,Horror Sci-Fi Thriller,monsters survival family silence,Emily Blunt|John Krasinski|Millicent Simmonds,John Krasinski,A family survives in silence while dangerous creatures hunt by sound. This new chapter explores another challenge involving the same themes.,7.16,16407
435,Get Out The Lost World,Horror Mystery Thriller,family hypnosis mystery,Daniel Kaluuya|Allison Williams|Bradley Whitford,Jordan Peele,A young man discovers disturbing secrets while visiting his girlfriend's family. This new chapter explores another challenge involving the same themes.,7.38,16731
436,Train to Busan The Lost World,Action Horror Thriller,zombies train survival outbreak,Gong Yoo|Jung Yu-mi|Ma Dong-seok,Yeon Sang-ho,Passengers fight to survive a zombie outbreak aboard a train. This new chapter explores another challenge involving the same themes.,7.25,16757
437,The Grand Budapest Hotel The Lost World,Comedy Drama Adventure,hotel friendship mystery europe,Ralph Fiennes|Tony Revolori|Adrien Brody,Wes Anderson,A hotel concierge and his young assistant become involved in a mysterious adventure. This new chapter explores another challenge involving the same themes.,7.77,17336
438,Catch Me If You Can The Lost World,Crime Drama Biography,con artist FBI identity fraud,Leonardo DiCaprio|Tom Hanks|Christopher Walken,Steven Spielberg,A young con artist stays ahead of an FBI agent while changing identities. This new chapter explores another challenge involving the same themes.,7.79,17490
439,The Departed The Lost World,Crime Drama Thriller,police mafia undercover crime,Leonardo DiCaprio|Matt Damon|Jack Nicholson,Martin Scorsese,An undercover police officer and a criminal informant work inside rival organizations. This new chapter explores another challenge involving the same themes.,8.16,7942
440,Fight Club The Lost World,Drama Thriller,identity rebellion friendship underground,Brad Pitt|Edward Norton|Helena Bonham Carter,David Fincher,A dissatisfied worker forms an underground club that grows beyond control. This new chapter explores another challenge involving the same themes.,8.48,8351
441,The Prestige The Lost World,Drama Mystery Sci-Fi,magic rivalry illusion obsession,Christian Bale|Hugh Jackman|Scarlett Johansson,Christopher Nolan,Two rival magicians become obsessed with creating the perfect illusion. This new chapter explores another challenge involving the same themes.,8.15,8207
442,Memento The Lost World,Mystery Thriller Drama,memory detective revenge crime,Guy Pearce|Carrie-Anne Moss|Joe Pantoliano,Christopher Nolan,A man with short-term memory loss investigates a mysterious crime. This new chapter explores another challenge involving the same themes.,8.07,8276
443,The Truman Show The Lost World,Comedy Drama Sci-Fi,television reality life mystery,Jim Carrey|Laura Linney|Ed Harris,Peter Weir,A man slowly discovers that his entire life is being filmed for television. This new chapter explores another challenge involving the same themes.,7.89,8260
444,Back to the Future The Lost World,Adventure Comedy Sci-Fi,time travel car teenager,Michael J Fox|Christopher Lloyd|Lea Thompson,Robert Zemeckis,A teenager travels through time using a modified car. This new chapter explores another challenge involving the same themes.,8.16,8627
445,Alien The Lost World,Horror Sci-Fi Thriller,space creature survival crew,Sigourney Weaver|Tom Skerritt|John Hurt,Ridley Scott,A space crew encounters a deadly creature aboard their spacecraft. This new chapter explores another challenge involving the same themes.,8.18,8781
446,Edge of Tomorrow The Lost World,Action Sci-Fi,time loop alien war soldier,Tom Cruise|Emily Blunt|Bill Paxton,Doug Liman,A soldier relives the same battle repeatedly while fighting an alien invasion. This new chapter explores another challenge involving the same themes.,7.55,8382
447,Pacific Rim The Lost World,Action Sci-Fi Adventure,robots monsters ocean battle,Charlie Hunnam|Idris Elba|Rinko Kikuchi,Guillermo del Toro,Giant robots fight enormous creatures emerging from the ocean. This new chapter explores another challenge involving the same themes.,6.57,7686
448,Men in Black The Lost World,Action Comedy Sci-Fi,aliens secret agents government,Will Smith|Tommy Lee Jones|Linda Fiorentino,Barry Sonnenfeld,Secret agents protect Earth from hidden alien activity. This new chapter explores another challenge involving the same themes.,6.99,8180
449,E.T. The Lost World,Adventure Sci-Fi Family,alien friendship children space,Henry Thomas|Drew Barrymore|Dee Wallace,Steven Spielberg,A child helps a stranded alien return home. This new chapter explores another challenge involving the same themes.,7.56,8802
450,Toy Story The Lost World,Animation Comedy Adventure,toys friendship childhood,Tom Hanks|Tim Allen|Don Rickles,John Lasseter,Living toys learn about friendship when a new toy arrives. This new chapter explores another challenge involving the same themes.,7.98,9296
451,Finding Nemo The Lost World,Animation Adventure Comedy,ocean fish family friendship,Albert Brooks|Ellen DeGeneres|Alexander Gould,Andrew Stanton,A father fish crosses the ocean to find his missing son. This new chapter explores another challenge involving the same themes.,7.85,9322
452,The Lion King The Lost World,Animation Adventure Drama,lion family kingdom friendship,Matthew Broderick|Jeremy Irons|James Earl Jones,Roger Allers,A young lion learns to accept his responsibility as king. This new chapter explores another challenge involving the same themes.,8.17,9731
453,Coco The Lost World,Animation Adventure Fantasy,music family mexico memory,Anthony Gonzalez|Gael Garcia Bernal|Benjamin Bratt,Lee Unkrich,A young musician enters the world of the dead to discover his family history. This new chapter explores another challenge involving the same themes.,8.09,9800
454,Inside Out The Lost World,Animation Comedy Drama,emotions childhood family,Amy Poehler|Phyllis Smith|Bill Hader,Pete Docter,A girl's emotions help her adapt to a major change in her life. This new chapter explores another challenge involving the same themes.,7.76,9657
455,Up The Lost World,Animation Adventure Comedy,house journey friendship,Ed Asner|Christopher Plummer|Jordan Nagai,Pete Docter,An elderly man travels to a distant place with a young companion. This new chapter explores another challenge involving the same themes.,7.98,9981
456,Ratatouille The Lost World,Animation Comedy Drama,cooking chef paris food,Patton Oswalt|Ian Holm|Lou Romano,Brad Bird,A talented rat dreams of becoming a chef in Paris. This new chapter explores another challenge involving the same themes.,7.75,9922
457,Avatar The Rising,Action Adventure Fantasy,alien planet space survival,Sam Worthington|Zoe Saldana|Sigourney Weaver,James Cameron,A marine joins an alien world and fights to protect its people. This new chapter explores another challenge involving the same themes.,7.42,9779
458,Titanic The Rising,Drama Romance,love ship ocean tragedy,Leonardo DiCaprio|Kate Winslet|Billy Zane,James Cameron,A young couple falls in love aboard a famous ocean liner. This new chapter explores another challenge involving the same themes.,7.54,10018
459,The Avengers The Rising,Action Adventure Sci-Fi,superhero marvel team alien,Robert Downey Jr|Chris Evans|Scarlett Johansson,Joss Whedon,Superheroes join forces to protect Earth from a powerful enemy. This new chapter explores another challenge involving the same themes.,7.61,10214
460,Iron Man The Rising,Action Adventure Sci-Fi,superhero technology armor marvel,Robert Downey Jr|Gwyneth Paltrow|Jeff Bridges,Jon Favreau,A genius inventor creates a powerful armored suit. This new chapter explores another challenge involving the same themes.,7.53,10283
461,Interstellar The Rising,Sci-Fi Drama Adventure,space astronaut planet time,Matthew McConaughey|Anne Hathaway|Jessica Chastain,Christopher Nolan,Astronauts travel through space searching for a new home for humanity. This new chapter explores another challenge involving the same themes.,8.3,11075
462,Inception The Rising,Action Sci-Fi Thriller,dream heist mind technology,Leonardo DiCaprio|Joseph Gordon-Levitt|Tom Hardy,Christopher Nolan,A skilled thief enters dreams to steal valuable information. This new chapter explores another challenge involving the same themes.,8.42,11314
463,The Dark Knight The Rising,Action Crime Drama,batman joker superhero crime,Christian Bale|Heath Ledger|Gary Oldman,Christopher Nolan,Batman faces a dangerous criminal who creates chaos in Gotham. This new chapter explores another challenge involving the same themes.,8.64,11638
464,Jurassic Park The Rising,Adventure Sci-Fi Thriller,dinosaurs island science survival,Sam Neill|Laura Dern|Jeff Goldblum,Steven Spielberg,Scientists create a dinosaur park that becomes dangerously uncontrollable. This new chapter explores another challenge involving the same themes.,7.81,11069
465,The Matrix The Rising,Action Sci-Fi Thriller,computer virtual reality hacker,Keanu Reeves|Laurence Fishburne|Carrie-Anne Moss,The Wachowskis,A computer hacker discovers that reality is a sophisticated simulation. This new chapter explores another challenge involving the same themes.,8.33,11648
466,Guardians of the Galaxy The Rising,Action Adventure Sci-Fi Comedy,space superhero marvel team,Chris Pratt|Zoe Saldana|Dave Bautista,James Gunn,A group of unusual heroes protects the galaxy from a powerful threat. This new chapter explores another challenge involving the same themes.,7.6,11165
467,Doctor Strange The Rising,Action Adventure Fantasy,magic superhero marvel multiverse,Benedict Cumberbatch|Rachel McAdams|Chiwetel Ejiofor,Scott Derrickson,A surgeon learns mystical powers and protects reality from magical threats. This new chapter explores another challenge involving the same themes.,7.12,10894
468,Black Panther The Rising,Action Adventure Sci-Fi,superhero wakanda africa marvel,Chadwick Boseman|Michael B Jordan|Lupita Nyongo,Ryan Coogler,A new king protects Wakanda from an ambitious rival. This new chapter explores another challenge involving the same themes.,6.94,10878
469,The Lord of the Rings The Rising,Adventure Fantasy Drama,magic ring middle earth quest,Elijah Wood|Ian McKellen|Viggo Mortensen,Peter Jackson,A young hobbit begins a dangerous quest to destroy a powerful ring. This new chapter explores another challenge involving the same themes.,8.41,12264
470,Harry Potter The Rising,Adventure Fantasy Family,magic wizard school friendship,Daniel Radcliffe|Emma Watson|Rupert Grint,Chris Columbus,A young wizard begins his education at a magical school. This new chapter explores another challenge involving the same themes.,7.23,11398
471,Star Wars The Rising,Action Adventure Sci-Fi,space jedi rebellion empire,Mark Hamill|Harrison Ford|Carrie Fisher,George Lucas,A young hero joins a rebellion against a powerful space empire. This new chapter explores another challenge involving the same themes.,8.2,12359
472,Dune The Rising,Sci-Fi Adventure Drama,desert space politics prophecy,Timothee Chalamet|Zendaya|Rebecca Ferguson,Denis Villeneuve,A young noble enters a dangerous desert world filled with political conflict. This new chapter explores another challenge involving the same themes.,7.62,12004
473,The Martian The Rising,Sci-Fi Adventure Drama,mars astronaut survival space,Matt Damon|Jessica Chastain|Jeff Daniels,Ridley Scott,An astronaut stranded on Mars uses science and determination to survive. This new chapter explores another challenge involving the same themes.,7.64,12158
474,Gravity The Rising,Sci-Fi Thriller Drama,space astronaut survival,Sandra Bullock|George Clooney|Ed Harris,Alfonso Cuaron,Astronauts struggle to survive after an accident in orbit. This new chapter explores another challenge involving the same themes.,7.31,12014
475,Top Gun Maverick The Rising,Action Drama,fighter pilot aviation military,Tom Cruise|Miles Teller|Jennifer Connelly,Joseph Kosinski,An experienced pilot trains a new generation for a dangerous mission. This new chapter explores another challenge involving the same themes.,7.83,12593
476,John Wick The Rising,Action Thriller Crime,assassin revenge gunfight,Keanu Reeves|Ian McShane|Willem Dafoe,Chad Stahelski,A retired assassin returns to action after a personal loss. This new chapter explores another challenge involving the same themes.,7.0,12025
477,Mad Max Fury Road The Rising,Action Adventure Sci-Fi,desert survival chase dystopia,Tom Hardy|Charlize Theron|Nicholas Hoult,George Miller,A group escapes across a dangerous post-apocalyptic desert. This new chapter explores another challenge involving the same themes.,7.72,12774
478,The Hunger Games The Rising,Action Adventure Sci-Fi Drama,dystopia survival competition rebellion,Jennifer Lawrence|Josh Hutcherson|Woody Harrelson,Gary Ross,A young woman enters a dangerous televised survival competition. This new chapter explores another challenge involving the same themes.,6.84,12163
479,Ready Player One The Rising,Action Adventure Sci-Fi,virtual reality gaming future,Tye Sheridan|Olivia Cooke|Ben Mendelsohn,Steven Spielberg,A teenager enters a huge virtual world to compete for a valuable prize. This new chapter explores another challenge involving the same themes.,7.01,12444
480,Free Guy The Rising,Action Comedy Sci-Fi,video game virtual world hero,Ryan Reynolds|Jodie Comer|Taika Waititi,Shawn Levy,A bank employee discovers that he is a character in a video game. This new chapter explores another challenge involving the same themes.,6.73,12343
481,The Social Network The Rising,Drama Biography,technology startup friendship,Jesse Eisenberg|Andrew Garfield|Justin Timberlake,David Fincher,A college student creates a social network that changes the world. This new chapter explores another challenge involving the same themes.,7.4,13050
482,Oppenheimer The Rising,Drama Biography History,science atomic bomb war scientist,Cillian Murphy|Emily Blunt|Robert Downey Jr,Christopher Nolan,A scientist leads a major wartime research project with historic consequences. This new chapter explores another challenge involving the same themes.,8.22,13884
483,The Pursuit of Happyness The Rising,Drama Biography Family,career father son motivation,Will Smith|Jaden Smith|Thandiwe Newton,Gabriele Muccino,A struggling father works hard to build a better future for his son. This new chapter explores another challenge involving the same themes.,7.64,13528
484,Forrest Gump The Rising,Drama Romance Comedy,life friendship history journey,Tom Hanks|Robin Wright|Gary Sinise,Robert Zemeckis,A kind man experiences major events while following his own path. This new chapter explores another challenge involving the same themes.,8.41,14319
485,The Shawshank Redemption The Rising,Drama Crime,prison friendship hope,Tim Robbins|Morgan Freeman|Bob Gunton,Frank Darabont,A prisoner builds friendship and hope while serving a long sentence. This new chapter explores another challenge involving the same themes.,8.93,14898
486,Good Will Hunting The Rising,Drama Romance,genius friendship mathematics,Matt Damon|Robin Williams|Ben Affleck,Gus Van Sant,A gifted young man receives guidance while dealing with personal struggles. This new chapter explores another challenge involving the same themes.,7.9,14160
487,La La Land The Rising,Comedy Drama Romance,music jazz dreams love,Ryan Gosling|Emma Stone|John Legend,Damien Chazelle,Two artists pursue their dreams while falling in love in Los Angeles. This new chapter explores another challenge involving the same themes.,7.62,14059
488,The Notebook The Rising,Drama Romance,love relationship memory,Ryan Gosling|Rachel McAdams|James Garner,Nick Cassavetes,A lifelong love story is remembered through an old notebook. This new chapter explores another challenge involving the same themes.,7.44,14043
489,Knives Out The Rising,Comedy Crime Mystery,detective murder mansion family,Daniel Craig|Ana de Armas|Chris Evans,Rian Johnson,A detective investigates a mysterious death inside a wealthy family. This new chapter explores another challenge involving the same themes.,7.51,14239
490,The Conjuring The Rising,Horror Mystery Thriller,haunted house ghost family,Vera Farmiga|Patrick Wilson|Lili Taylor,James Wan,Paranormal investigators help a family facing supernatural activity. This new chapter explores another challenge involving the same themes.,7.13,14053
491,A Quiet Place The Rising,Horror Sci-Fi Thriller,monsters survival family silence,Emily Blunt|John Krasinski|Millicent Simmonds,John Krasinski,A family survives in silence while dangerous creatures hunt by sound. This new chapter explores another challenge involving the same themes.,7.1,14165
492,Get Out The Rising,Horror Mystery Thriller,family hypnosis mystery,Daniel Kaluuya|Allison Williams|Bradley Whitford,Jordan Peele,A young man discovers disturbing secrets while visiting his girlfriend's family. This new chapter explores another challenge involving the same themes.,7.32,14489
493,Train to Busan The Rising,Action Horror Thriller,zombies train survival outbreak,Gong Yoo|Jung Yu-mi|Ma Dong-seok,Yeon Sang-ho,Passengers fight to survive a zombie outbreak aboard a train. This new chapter explores another challenge involving the same themes.,7.24,14558
494,The Grand Budapest Hotel The Rising,Comedy Drama Adventure,hotel friendship mystery europe,Ralph Fiennes|Tony Revolori|Adrien Brody,Wes Anderson,A hotel concierge and his young assistant become involved in a mysterious adventure. This new chapter explores another challenge involving the same themes.,7.71,15094
495,Catch Me If You Can The Rising,Crime Drama Biography,con artist FBI identity fraud,Leonardo DiCaprio|Tom Hanks|Christopher Walken,Steven Spielberg,A young con artist stays ahead of an FBI agent while changing identities. This new chapter explores another challenge involving the same themes.,7.73,15248
496,The Departed The Rising,Crime Drama Thriller,police mafia undercover crime,Leonardo DiCaprio|Matt Damon|Jack Nicholson,Martin Scorsese,An undercover police officer and a criminal informant work inside rival organizations. This new chapter explores another challenge involving the same themes.,8.1,15700
497,Fight Club The Rising,Drama Thriller,identity rebellion friendship underground,Brad Pitt|Edward Norton|Helena Bonham Carter,David Fincher,A dissatisfied worker forms an underground club that grows beyond control. This new chapter explores another challenge involving the same themes.,8.42,16109
498,The Prestige The Rising,Drama Mystery Sci-Fi,magic rivalry illusion obsession,Christian Bale|Hugh Jackman|Scarlett Johansson,Christopher Nolan,Two rival magicians become obsessed with creating the perfect illusion. This new chapter explores another challenge involving the same themes.,8.14,16008
499,Memento The Rising,Mystery Thriller Drama,memory detective revenge crime,Guy Pearce|Carrie-Anne Moss|Joe Pantoliano,Christopher Nolan,A man with short-term memory loss investigates a mysterious crime. This new chapter explores another challenge involving the same themes.,8.01,16034
500,The Truman Show The Rising,Comedy Drama Sci-Fi,television reality life mystery,Jim Carrey|Laura Linney|Ed Harris,Peter Weir,A man slowly discovers that his entire life is being filmed for television. This new chapter explores another challenge involving the same themes.,7.83,16018
